image,gt_class,gt_class_id,error_type,best_iou_any,best_iou_same_class,best_pred_class_id
1.jpg,DRPS,15,no_overlapping_detection,0.0,0.0,4
10.jpg,DRPS,15,no_overlapping_detection,0.0,0.0,13
10.jpg,INSD,14,no_overlapping_detection,0.0,0.0,13
100723252_K58825_F1B05-246_1_21.jpg,CBHPM,5,no_overlapping_detection,0.0,0.0,13
100723252_K58825_F1B05-246_1_21.jpg,CBHPM,5,no_overlapping_detection,0.0,0.0,13
100725103_K58794_F1B05-244_1_21.jpg,CBVPM,6,no_overlapping_detection,0.0,0.0,13
100726856_K58759_F1B05-242_1_21.jpg,CBHPM,5,no_overlapping_detection,0.0,0.0,13
100730000_K58690_F1B05-238_1_21.jpg,CBVPM,6,no_overlapping_detection,0.0,0.0,-1
100731529_K58655_F1B05-236_1_22.jpg,CBHPM,5,no_overlapping_detection,0.0,0.0,14
100735953_K58553_F1B05-228_1_21.jpg,CBVPM,6,no_overlapping_detection,0.0,0.0,13
100737555_K58513_F1B05-226_1_21.jpg,CBHPM,5,no_overlapping_detection,0.0,0.0,14
100739171_K58473_F1B05-224_1_21.jpg,CBHPM,5,no_overlapping_detection,0.0,0.0,4
100740703_K58433_F1B05-222_1_21.jpg,CBVPM,6,no_overlapping_detection,0.0,0.0,-1
100742308_K58393_F1B05-220_1_21.jpg,CBHPM,5,no_overlapping_detection,0.0,0.0,13
100743823_K58351_F1B05-218_1_21.jpg,CBVPM,6,no_overlapping_detection,0.0,0.0,13
100819469_K57340_F1B05-166_1_21.jpg,CBHPM,5,no_overlapping_detection,0.0,0.0,13
100820846_K57300_F1B05-164_1_21.jpg,CBVPM,6,no_overlapping_detection,0.0,0.0,4
100822222_K57260_F1B05-162_1_21.jpg,CBHPM,5,no_overlapping_detection,0.0,0.0,13
100823633_K57220_F1B05-160_1_21.jpg,CBVPM,6,no_overlapping_detection,0.0,0.0,13
100825030_K57180_F1B05-158_1_21.jpg,CBVPM,6,no_overlapping_detection,0.0,0.0,12
100826410_K57140_F1B05-156_1_21.jpg,CBVPM,6,no_overlapping_detection,0.0,0.0,13
100831858_K56981_F1B05-148_1_21.jpg,CBHPM,5,no_overlapping_detection,0.0,0.0,13
100837754_K56813_F1B05-138_1_21.jpg,CBVPM,6,misclassified,0.5023355029218082,0.0,12
100838984_K56778_F1B05-136_1_21.jpg,CBVPM,6,no_overlapping_detection,0.0,0.0,14
100840244_K56743_F1B05-134_1_21.jpg,CBVPM,6,no_overlapping_detection,0.0,0.0,14
100841493_K56708_F1B05-132_1_21.jpg,CBVPM,6,no_overlapping_detection,0.0,0.0,12
100842742_K56673_F1B05-130_1_21.jpg,CBVPM,6,no_overlapping_detection,0.0,0.0,13
100845239_K56603_F1B05-126_1_21.jpg,CBVPM,6,no_overlapping_detection,0.0,0.0,-1
100846465_K56568_F1B05-124_1_21.jpg,CBHPM,5,no_overlapping_detection,0.04082620327056458,0.0,3
100847689_K56533_F1B05-122_1_21.jpg,CBVPM,6,no_overlapping_detection,0.0,0.0,13
100850176_K56463_F1B05-118_1_21.jpg,CBVPM,6,no_overlapping_detection,0.0,0.0,14
100851404_K56428_F1B05-116_1_21.jpg,CBHPM,5,no_overlapping_detection,0.0,0.0,1
100855169_K56323_F1B05-110_1_21.jpg,CBVPM,6,no_overlapping_detection,0.0,0.0,12
100934634_K55165_F1B05-048_1_21.jpg,CBHPM,5,no_overlapping_detection,0.0,0.0,14
100935922_K55125_F1B05-046_1_21.jpg,CBHPM,5,no_overlapping_detection,0.0,0.0,12
100937208_K55085_F1B05-044_1_21.jpg,CBVPM,6,no_overlapping_detection,0.0,0.0,13
100938520_K55045_F1B05-042_1_21.jpg,CBHPM,5,no_overlapping_detection,0.0,0.0,13
100941129_K54965_F1B05-038_1_21.jpg,CBHPM,5,no_overlapping_detection,0.0,0.0,12
100942460_K54925_F1B05-036_1_21.jpg,CBVPM,6,no_overlapping_detection,0.0,0.0,13
100943761_K54885_F1B05-034_1_21.jpg,CBVPM,6,no_overlapping_detection,0.0,0.0,12
100945061_K54845_F1B05-032_1_21.jpg,CBHPM,5,no_overlapping_detection,0.0,0.0,12
100946383_K54805_F1B05-030_1_21.jpg,CBVPM,6,no_overlapping_detection,0.0,0.0,13
100949065_K54725_F1B05-026_1_21.jpg,CBHPM,5,no_overlapping_detection,0.0,0.0,-1
100953075_K54605_F1B05-020_1_21.jpg,CBHPM,5,no_overlapping_detection,0.0,0.0,12
100954430_K54565_F1B05-018_1_21.jpg,CBVPM,6,no_overlapping_detection,0.0,0.0,13
100955788_K54525_F1B05-016_1_21.jpg,CBHPM,5,no_overlapping_detection,0.0,0.0,12
100957152_K54485_F1B05-014_1_21.jpg,CBHPM,5,no_overlapping_detection,0.0,0.0,13
100958564_K54445_F1B05-012_1_21.jpg,CBHPM,5,no_overlapping_detection,0.0,0.0,13
100959981_K54405_F1B05-010_1_21.jpg,CBHPM,5,no_overlapping_detection,0.0,0.0,1
101031896_K53481_F1B04-1018_1_21.jpg,CBHPM,5,no_overlapping_detection,0.0,0.0,13
101031896_K53481_F1B04-1018_1_21.jpg,CBVPM,6,no_overlapping_detection,0.0,0.0,13
101033246_K53441_F1B04-1016_1_21.jpg,CBVPM,6,no_overlapping_detection,0.0,0.0,4
101127809_K51829_F1B04-934_1_21.jpg,CBHPM,5,no_overlapping_detection,0.0,0.0,13
101130469_K51750_F1B04-930_1_21.jpg,CBVPM,6,no_overlapping_detection,0.0,0.0,13
101131852_K51711_F1B04-928_1_21.jpg,CBHPM,5,no_overlapping_detection,0.0,0.0,14
101133002_K51670_F1B04-926_1_21.jpg,CBHPM,5,no_overlapping_detection,0.0,0.0,12
101134993_K51577_F1B04-920_1_21.jpg,CBVPM,6,no_overlapping_detection,0.0,0.0,12
101137467_K51539_F1B04-918_1_21.jpg,CBVPM,6,no_overlapping_detection,0.0,0.0,13
101140208_K51459_F1B04-914_1_21.jpg,CBHPM,5,no_overlapping_detection,0.0,0.0,13
101141617_K51419_F1B04-912_1_21.jpg,CBHPM,5,no_overlapping_detection,0.0,0.0,13
101143128_K51379_F1B04-910_1_21.jpg,CBHPM,5,no_overlapping_detection,0.0,0.0,13
101146409_K51299_F1B04-906_1_21.jpg,CBHPM,5,no_overlapping_detection,0.0,0.0,-1
101148227_K51259_F1B04-904_1_21.jpg,CBVPM,6,no_overlapping_detection,0.0,0.0,12
101152001_K51178_F1B04-900_1_21.jpg,CBVPM,6,no_overlapping_detection,0.0,0.0,13
101153920_K51140_F1B04-898_1_21.jpg,CBHPM,5,no_overlapping_detection,0.0,0.0,13
101202863_K50939_F1B04-886_1_21.jpg,CBVPM,6,no_overlapping_detection,0.0,0.0,-1
101204260_K50909_F1B04-884_1_21.jpg,CBVPM,6,overlapped_by_wrong_class_or_location,0.1750689358657615,0.0,14
101205677_K50879_F1B04-882_1_21.jpg,CBHPM,5,no_overlapping_detection,0.0,0.0,14
101205677_K50879_F1B04-882_1_21.jpg,CBVPM,6,no_overlapping_detection,0.0,0.0,14
101208490_K50819_F1B04-878_1_21.jpg,CBHPM,5,no_overlapping_detection,0.0,0.0,12
101209888_K50789_F1B04-876_1_21.jpg,CBHPM,5,no_overlapping_detection,0.0,0.0,13
101212702_K50729_F1B04-872_1_21.jpg,CBVPM,6,no_overlapping_detection,0.0,0.0,13
101214108_K50699_F1B04-870_1_21.jpg,CBHPM,5,no_overlapping_detection,0.0,0.0,12
101215516_K50669_F1B04-868_1_21.jpg,CBHPM,5,no_overlapping_detection,0.0,0.0,12
101218329_K50609_F1B04-864_1_21.jpg,CBVPM,6,no_overlapping_detection,0.0,0.0,14
101219727_K50579_F1B04-862_1_21.jpg,CBHPM,5,no_overlapping_detection,0.0,0.0,-1
101221134_K50549_F1B04-860_1_21.jpg,CBVPM,6,no_overlapping_detection,0.0,0.0,12
101221134_K50549_F1B04-860_1_21.jpg,CBHPM,5,no_overlapping_detection,0.0,0.0,12
101223935_K50489_F1B04-856_1_21.jpg,CBHPM,5,no_overlapping_detection,0.0,0.0,13
101225351_K50459_F1B04-854_1_21.jpg,CBVPM,6,no_overlapping_detection,0.0,0.0,12
101226746_K50429_F1B04-852_1_21.jpg,CBVPM,6,no_overlapping_detection,0.0,0.0,13
101228155_K50399_F1B04-850_1_21.jpg,CBVPM,6,no_overlapping_detection,0.0,0.0,1
101229565_K50369_F1B04-848_1_21.jpg,CBHPM,5,no_overlapping_detection,0.0,0.0,13
101234047_K50276_F1B04-840a_1_21.jpg,CBHPM,5,no_overlapping_detection,0.0,0.0,13
101235984_K50250_F1B04-840_1_21.jpg,CBHPM,5,no_overlapping_detection,0.0,0.0,13
101237980_K50213_F1B04-838_1_21.jpg,CBVPM,6,no_overlapping_detection,0.0,0.0,13
101239847_K50172_F1B04-836_1_21.jpg,CBVPM,6,no_overlapping_detection,0.0,0.0,3
101241248_K50135_F1B04-834_1_21.jpg,CBHPM,5,no_overlapping_detection,0.0,0.0,13
101244569_K50075_F1B04-830_1_21.jpg,CBHPM,5,no_overlapping_detection,0.0,0.0,13
101246217_K50042_F1B04-828_1_21.jpg,CBVPM,6,no_overlapping_detection,0.0,0.0,0
101247878_K50009_F1B04-826_1_21.jpg,CBHPM,5,no_overlapping_detection,0.0,0.0,4
101251572_K49943_F1B04-822_1_21.jpg,CBVPM,6,no_overlapping_detection,0.0,0.0,12
101253501_K49909_F1B04-820_1_21.jpg,CBHPM,5,no_overlapping_detection,0.0,0.0,14
101255888_K49877_F1B04-818_1_21.jpg,CBVPM,6,no_overlapping_detection,0.0,0.0,12
101258745_K49841_F1B04-816_1_21.jpg,CBHPM,5,no_overlapping_detection,0.0,0.0,12
101301757_K49804_F1B04-814_1_21.jpg,CBVPM,6,no_overlapping_detection,0.0,0.0,12
101305603_K49802_F1B04-812a_1_21.jpg,CBVPM,6,no_overlapping_detection,0.0,0.0,14
101406217_K49741_F1B04-810_1_21.jpg,CBHPM,5,no_overlapping_detection,0.0,0.0,12
101413823_K49679_F1B04-806_1_21.jpg,CBVPM,6,no_overlapping_detection,0.0,0.0,12
101415958_K49644_F1B04-804_1_21.jpg,CBHPM,5,no_overlapping_detection,0.0,0.0,13
101417878_K49612_F1B04-802_1_21.jpg,CBVPM,6,no_overlapping_detection,0.0,0.0,-1
101419743_K49580_F1B04-800_1_21.jpg,CBHPM,5,no_overlapping_detection,0.0,0.0,11
101423254_K49510_F1B04-796_1_21.jpg,CBHPM,5,no_overlapping_detection,0.0,0.0,-1
101425000_K49472_F1B04-794_1_21.jpg,CBHPM,5,no_overlapping_detection,0.0,0.0,-1
101427695_K49395_F1B04-790_1_21.jpg,CBHPM,5,no_overlapping_detection,0.0,0.0,13
101428933_K49335_F1B04-786_1_21.jpg,CBHPM,5,no_overlapping_detection,0.0,0.0,15
101430220_K49333_F1B04-784a_1_21.jpg,CBVPM,6,no_overlapping_detection,0.0,0.0,13
101431273_K49298_F1B04-784_1_21.jpg,CBVPM,6,no_overlapping_detection,0.0,0.0,-1
101433567_K49237_F1B04-780_1_21.jpg,CBHPM,5,no_overlapping_detection,0.0,0.0,13
101436049_K49167_F1B04-776_1_21.jpg,CBHPM,5,no_overlapping_detection,0.0,0.0,13
101437328_K49127_F1B04-774_1_21.jpg,CBHPM,5,no_overlapping_detection,0.0,0.0,13
101437328_K49127_F1B04-774_1_21.jpg,CBVPM,6,no_overlapping_detection,0.0,0.0,13
101439751_K49047_F1B04-770_1_21.jpg,CBHPM,5,no_overlapping_detection,0.0,0.0,12
101439751_K49047_F1B04-770_1_21.jpg,CBVPM,6,no_overlapping_detection,0.0,0.0,12
101442137_K48967_F1B04-766_1_21.jpg,CBHPM,5,no_overlapping_detection,0.0,0.0,13
101444590_K48887_F1B04-762_1_21.jpg,CBVPM,6,no_overlapping_detection,0.0,0.0,12
101447220_K48806_F1B04-758_1_21.jpg,CBVPM,6,no_overlapping_detection,0.0,0.0,14
101447220_K48806_F1B04-758_1_21.jpg,CBHPM,5,no_overlapping_detection,0.0,0.0,14
101449927_K48726_F1B04-754_1_21.jpg,CBVPM,6,no_overlapping_detection,0.0,0.0,13
101451440_K48687_F1B04-752_1_21.jpg,CBHPM,5,no_overlapping_detection,0.0,0.0,13
101454669_K48606_F1B04-748_1_21.jpg,CBHPM,5,no_overlapping_detection,0.0,0.0,13
101458197_K48525_F1B04-744_1_21.jpg,CBHPM,5,no_overlapping_detection,0.0,0.0,3
101458197_K48525_F1B04-744_1_21.jpg,CBVPM,6,no_overlapping_detection,0.0,0.0,3
101459743_K48492_F1B04-742_1_21.jpg,CBHPM,5,no_overlapping_detection,0.0,0.0,14
101501543_K48432_F1B04-738_1_21.jpg,CBVPM,6,no_overlapping_detection,0.0,0.0,4
101506546_K48395_F1B04-736_1_21.jpg,CBVPM,6,no_overlapping_detection,0.0,0.0,13
101514388_K48315_F1B04-732_1_21.jpg,CBVPM,6,no_overlapping_detection,0.0,0.0,13
101624226_K48245_F1B04-728_1_21.jpg,CBHPM,5,no_overlapping_detection,0.0,0.0,13
101631880_K48126_F1B04-722_1_21.jpg,CBHPM,5,no_overlapping_detection,0.0,0.0,12
101633564_K48086_F1B04-720_1_21.jpg,CBHPM,5,no_overlapping_detection,0.0,0.0,13
101636323_K48019_F1B04-714a_1_21.jpg,CBHPM,5,no_overlapping_detection,0.0,0.0,1
101636323_K48019_F1B04-714a_1_21.jpg,CBVPM,6,no_overlapping_detection,0.0,0.0,1
101640962_K47907_F1B04-710_1_21.jpg,CBVPM,6,no_overlapping_detection,0.0,0.0,13
101701131_K47227_F1B04-676_1_21.jpg,CBHPM,5,no_overlapping_detection,0.0,0.0,4
101719058_K46545_F1B04-638_1_21.jpg,CBHPM,5,no_overlapping_detection,0.0,0.0,3
101720094_K46511_F1B04-636_1_21.jpg,CBVPM,6,no_overlapping_detection,0.0,0.0,-1
101721182_K46471_F1B04-634_1_21.jpg,CBHPM,5,no_overlapping_detection,0.0,0.0,13
101722237_K46430_F1B04-632_1_21.jpg,CBVPM,6,no_overlapping_detection,0.0,0.0,-1
101724285_K46350_F1B04-628_1_21.jpg,CBHPM,5,no_overlapping_detection,0.0,0.0,13
101725389_K46311_F1B04-626_1_21.jpg,CBVPM,6,no_overlapping_detection,0.0,0.0,14
101725389_K46311_F1B04-626_1_21.jpg,CBHPM,5,no_overlapping_detection,0.0,0.0,14
101726404_K46268_F1B04-624_1_21.jpg,CBVPM,6,no_overlapping_detection,0.0,0.0,4
101728497_K46190_F1B04-620_1_21.jpg,CBVPM,6,no_overlapping_detection,0.0,0.0,12
101728497_K46190_F1B04-620_1_21.jpg,CBHPM,5,no_overlapping_detection,0.0,0.0,12
101729537_K46149_F1B04-618_1_21.jpg,CBHPM,5,no_overlapping_detection,0.0,0.0,13
101730583_K46109_F1B04-616_1_21.jpg,CBHPM,5,no_overlapping_detection,0.0,0.0,12
101731607_K46069_F1B04-614_1_21.jpg,CBVPM,6,no_overlapping_detection,0.0,0.0,-1
101732642_K46030_F1B04-612_1_21.jpg,CBVPM,6,no_overlapping_detection,0.0,0.0,13
101734719_K45950_F1B04-608_1_21.jpg,CBHPM,5,no_overlapping_detection,0.0,0.0,13
101735750_K45910_F1B04-606_1_21.jpg,CBVPM,6,no_overlapping_detection,0.0,0.0,12
101736780_K45871_F1B04-604_1_21.jpg,CBHPM,5,no_overlapping_detection,0.0,0.0,13
101737815_K45831_F1B04-602_1_21.jpg,CBHPM,5,no_overlapping_detection,0.0,0.0,-1
101737815_K45831_F1B04-602_1_21.jpg,CBVPM,6,no_overlapping_detection,0.0,0.0,-1
101738847_K45791_F1B04-600_1_21.jpg,CBVPM,6,no_overlapping_detection,0.0,0.0,-1
101739882_K45752_F1B04-598_1_21.jpg,CBHPM,5,no_overlapping_detection,0.0,0.0,14
101740959_K45712_F1B04-596_1_21.jpg,CBHPM,5,no_overlapping_detection,0.0,0.0,1
101741984_K45671_F1B04-594_1_21.jpg,CBHPM,5,no_overlapping_detection,0.0,0.0,-1
101743097_K45633_F1B04-592_1_21.jpg,CBHPM,5,no_overlapping_detection,0.0,0.0,13
101744188_K45591_F1B04-590_1_21.jpg,CBVPM,6,no_overlapping_detection,0.0,0.0,13
101745313_K45552_F1B04-588_1_21.jpg,CBHPM,5,no_overlapping_detection,0.0,0.0,12
101746409_K45511_F1B04-586_1_21.jpg,CBVPM,6,no_overlapping_detection,0.0,0.0,13
101747520_K45471_F1B04-584_1_21.jpg,CBHPM,5,no_overlapping_detection,0.0,0.0,14
101748650_K45431_F1B04-582_1_21.jpg,CBHPM,5,no_overlapping_detection,0.0,0.0,12
101750467_K45357_F1B04-576a_1_21.jpg,CBHPM,5,no_overlapping_detection,0.0,0.0,14
101751403_K45325_F1B04-574a_1_21.jpg,CBVPM,6,no_overlapping_detection,0.0714149733915681,0.0,3
101752397_K45296_F1B04-574_1_21.jpg,CBVPM,6,no_overlapping_detection,0.06087039597761306,0.0,3
101753624_K45260_F1B04-572_1_21.jpg,CBHPM,5,no_overlapping_detection,0.0,0.0,15
101754849_K45219_F1B04-570_1_21.jpg,CBVPM,6,no_overlapping_detection,0.0,0.0,13
101756076_K45180_F1B04-568_1_21.jpg,CBHPM,5,no_overlapping_detection,0.0,0.0,14
101757382_K45141_F1B04-566_1_21.jpg,CBVPM,6,no_overlapping_detection,0.0,0.0,13
101758791_K45101_F1B04-564_1_21.jpg,CBHPM,5,no_overlapping_detection,0.0,0.0,-1
101801521_K45021_F1B04-560_1_21.jpg,CBVPM,6,no_overlapping_detection,0.0,0.0,14
101804152_K44950_F1B04-556_1_21.jpg,CBHPM,5,no_overlapping_detection,0.0,0.0,13
101805480_K44915_F1B04-554_1_21.jpg,CBVPM,6,no_overlapping_detection,0.0,0.0,13
101806836_K44878_F1B04-550a_1_21.jpg,CBHPM,5,no_overlapping_detection,0.0,0.0,14
101811980_K44742_F1B04-544_1_21.jpg,CBHPM,5,no_overlapping_detection,0.0,0.0,14
101813413_K44706_F1B04-542_1_21.jpg,CBVPM,6,no_overlapping_detection,0.0,0.0,12
101815823_K44632_F1B04-538_1_21.jpg,CBHPM,5,no_overlapping_detection,0.0,0.0,14
101817058_K44568_F1B04-534_1_21.jpg,CBVPM,6,no_overlapping_detection,0.0,0.0,-1
101818205_K44566_F1B04-532a_1_21.jpg,CBHPM,5,no_overlapping_detection,0.0,0.0,-1
101819557_K44533_F1B04-532_1_21.jpg,CBHPM,5,no_overlapping_detection,0.0,0.0,13
101820848_K44492_F1B04-530_1_21.jpg,CBHPM,5,no_overlapping_detection,0.0,0.0,4
101822106_K44453_F1B04-528_1_21.jpg,CBVPM,6,no_overlapping_detection,0.0,0.0,13
101823350_K44413_F1B04-526_1_21.jpg,CBHPM,5,no_overlapping_detection,0.0,0.0,13
101824554_K44373_F1B04-524_1_21.jpg,CBHPM,5,no_overlapping_detection,0.0,0.0,14
101825777_K44333_F1B04-522_1_21.jpg,CBHPM,5,no_overlapping_detection,0.0,0.0,13
101826982_K44292_F1B04-520_1_21.jpg,CBVPM,6,no_overlapping_detection,0.0,0.0,13
101831463_K44133_F1B04-512_1_21.jpg,CBHPM,5,no_overlapping_detection,0.0,0.0,13
101832522_K44091_F1B04-510_1_21.jpg,CBVPM,6,no_overlapping_detection,0.0,0.0,13
101833610_K44052_F1B04-508_1_21.jpg,CBHPM,5,no_overlapping_detection,0.0,0.0,13
101834706_K44012_F1B04-506_1_21.jpg,CBHPM,5,no_overlapping_detection,0.0,0.0,14
101835776_K43972_F1B04-504_1_21.jpg,CBVPM,6,no_overlapping_detection,0.0,0.0,13
101836892_K43933_F1B04-502_1_21.jpg,CBHPM,5,no_overlapping_detection,0.0,0.0,13
101837965_K43891_F1B04-500_1_21.jpg,CBHPM,5,no_overlapping_detection,0.0,0.0,14
101839039_K43852_F1B04-498_1_21.jpg,CBHPM,5,no_overlapping_detection,0.0,0.0,13
101840124_K43812_F1B04-496_1_21.jpg,CBHPM,5,no_overlapping_detection,0.0,0.0,12
101841242_K43772_F1B04-494_1_21.jpg,CBHPM,5,no_overlapping_detection,0.0,0.0,-1
101843371_K43691_F1B04-490_1_21.jpg,CBVPM,6,no_overlapping_detection,0.0,0.0,13
101844264_K43652_F1B04-488_1_21.jpg,CBHPM,5,no_overlapping_detection,0.0,0.0,-1
101845167_K43618_F1B04-484a_1_21.jpg,CBVPM,6,no_overlapping_detection,0.0,0.0,13
101845983_K43588_F1B04-484_1_21.jpg,CBVPM,6,no_overlapping_detection,0.0,0.0,-1
101848099_K43520_F1B04-480_1_21.jpg,CBHPM,5,no_overlapping_detection,0.0,0.0,12
101851060_K43409_F1B04-474_1_21.jpg,CBHPM,5,no_overlapping_detection,0.0,0.0,13
101852180_K43374_F1B04-472_1_21.jpg,CBVPM,6,no_overlapping_detection,0.0,0.0,14
101855576_K43257_F1B04-466_1_21.jpg,CBVPM,6,no_overlapping_detection,0.0,0.0,13
102136760_K37386_F1B04-158_1_21.jpg,CBVPM,6,no_overlapping_detection,0.0,0.0,13
102141032_K37107_F1B04-144_1_21.jpg,CBHPM,5,no_overlapping_detection,0.0,0.0,3
102143329_K37061_F1B04-142_1_21.jpg,CBVPM,6,no_overlapping_detection,0.0,0.0,3
102147116_K36931_F1B04-136_1_21.jpg,CBHPM,5,no_overlapping_detection,0.0,0.0,-1
102148448_K36886_F1B04-134_1_21.jpg,CBHPM,5,no_overlapping_detection,0.0,0.0,14
102148448_K36886_F1B04-134_1_21.jpg,CBHPM,5,no_overlapping_detection,0.0,0.0,14
102149823_K36843_F1B04-132_1_21.jpg,CBHPM,5,no_overlapping_detection,0.0180022374964005,0.0,14
102149823_K36843_F1B04-132_1_21.jpg,CBHPM,5,no_overlapping_detection,0.0,0.0,14
102151085_K36796_F1B04-130_1_21.jpg,CBHPM,5,no_overlapping_detection,0.0,0.0,12
102152561_K36756_F1B04-128_1_21.jpg,CBVPM,6,no_overlapping_detection,0.0,0.0,13
102152561_K36756_F1B04-128_1_21.jpg,CBHPM,5,no_overlapping_detection,0.0,0.0,13
102154085_K36711_F1B04-126_1_21.jpg,CBHPM,5,no_overlapping_detection,0.0,0.0,13
102155711_K36666_F1B04-124_1_21.jpg,CBHPM,5,no_overlapping_detection,0.0,0.0,12
102157406_K36621_F1B04-122_1_21.jpg,CBHPM,5,no_overlapping_detection,0.0,0.0,15
102159151_K36580_F1B04-120_1_21.jpg,CBHPM,5,no_overlapping_detection,0.0,0.0,13
102202043_K36499_F1B04-116_1_21.jpg,CBHPM,5,overlapped_by_wrong_class_or_location,0.2453365266920249,0.0,12
102210404_K36332_F1B04-106_1_21.jpg,CBHPM,5,no_overlapping_detection,0.0,0.0,14
102215265_K36263_F1B04-100_1_21.jpg,CBVPM,6,no_overlapping_detection,0.0,0.0,13
102219624_K36201_F1B04-096_1_21.jpg,CBHPM,5,no_overlapping_detection,0.0,0.0,13
102219624_K36201_F1B04-096_1_21.jpg,CBVPM,6,no_overlapping_detection,0.0,0.0,13
102222766_K36167_F1B04-094_1_21.jpg,CBVPM,6,no_overlapping_detection,0.0,0.0,13
102437078_K35681_F1B04-070_1_21.jpg,CBHPM,5,no_overlapping_detection,0.0,0.0,14
102440626_K35606_F1B04-066_1_21.jpg,CBVPM,6,no_overlapping_detection,0.0,0.0,14
102441869_K35581_F1B04-064_1_21.jpg,CBHPM,5,no_overlapping_detection,0.0,0.0,15
102444924_K35515_F1B04-060_1_21.jpg,CBVPM,6,no_overlapping_detection,0.0,0.0,13
102451264_K35360_F1B04-052_1_21.jpg,CBHPM,5,no_overlapping_detection,0.0,0.0,3
102451264_K35360_F1B04-052_1_21.jpg,CBVPM,6,no_overlapping_detection,0.0,0.0,3
102452762_K35320_F1B04-050_1_21.jpg,CBVPM,6,no_overlapping_detection,0.0,0.0,13
102454252_K35280_F1B04-048_1_21.jpg,CBHPM,5,no_overlapping_detection,0.0,0.0,13
102500130_K35105_F1B04-040_1_21.jpg,CBVPM,6,no_overlapping_detection,0.0,0.0,15
102502978_K35015_F1B04-036_1_21.jpg,CBHPM,5,no_overlapping_detection,0.0,0.0,14
102504351_K34970_F1B04-034_1_21.jpg,CBHPM,5,no_overlapping_detection,0.0,0.0,13
102505713_K34925_F1B04-032_1_21.jpg,CBVPM,6,no_overlapping_detection,0.0,0.0,14
102507045_K34880_F1B04-030_1_21.jpg,CBHPM,5,no_overlapping_detection,0.0,0.0,14
102509637_K34790_F1B04-026_1_21.jpg,CBVPM,6,no_overlapping_detection,0.0,0.0,14
102510929_K34745_F1B04-024_1_21.jpg,CBVPM,6,misclassified,0.5667134544827015,0.0,1
102512168_K34700_F1B04-022_1_21.jpg,CBVPM,6,no_overlapping_detection,0.0,0.0,12
102512168_K34700_F1B04-022_1_21.jpg,CBHPM,5,no_overlapping_detection,0.0,0.0,12
102513402_K34655_F1B04-020_1_21.jpg,CBVPM,6,no_overlapping_detection,0.0,0.0,13
102515765_K34569_F1B04-016_1_21.jpg,CBHPM,5,no_overlapping_detection,0.0,0.0,15
102517029_K34524_F1B04-014_1_21.jpg,CBVPM,6,no_overlapping_detection,0.0,0.0,13
102518298_K34478_F1B04-012_1_21.jpg,CBVPM,6,no_overlapping_detection,0.0,0.0,14
102518298_K34478_F1B04-012_1_21.jpg,CBHPM,5,no_overlapping_detection,0.0,0.0,14
102520714_K34391_F1B04-008_1_21.jpg,CBVPM,6,no_overlapping_detection,0.0,0.0,13
102521928_K34389_F1B04-006b_1_21.jpg,CBVPM,6,no_overlapping_detection,0.0,0.0,13
102521928_K34389_F1B04-006b_1_21.jpg,CBVPM,6,no_overlapping_detection,0.0,0.0,13
102523136_K34347_F1B04-006_1_21.jpg,CBVPM,6,no_overlapping_detection,0.0,0.0,14
102524270_K34345_F1B04-004a_1_21.jpg,CBVPM,6,no_overlapping_detection,0.0,0.0,13
102525395_K34259_F1B03-558a_1_21.jpg,CBVPM,6,no_overlapping_detection,0.0,0.0,13
102525395_K34259_F1B03-558a_1_21.jpg,CBHPM,5,no_overlapping_detection,0.0,0.0,13
102526554_K34221_F1B03-558_1_21.jpg,CBHPM,5,no_overlapping_detection,0.0,0.0,14
102526554_K34221_F1B03-558_1_21.jpg,CBVPM,6,no_overlapping_detection,0.0,0.0,14
102529006_K34179_F1B03-554a_1_21.jpg,CBVPM,6,overlapped_by_wrong_class_or_location,0.46528910680418584,0.0,1
102530190_K34141_F1B03-554_1_21.jpg,CBHPM,5,no_overlapping_detection,0.0,0.0,13
102531517_K34092_F1B03-550a_1_21.jpg,CBVPM,6,no_overlapping_detection,0.0,0.0,13
102532850_K34053_F1B03-550_1_21.jpg,CBVPM,6,no_overlapping_detection,0.0,0.0,14
102534092_K34006_F1B03-548_1_21.jpg,CBHPM,5,no_overlapping_detection,0.0,0.0,13
102535197_K33961_F1B03-546_1_21.jpg,CBVPM,6,no_overlapping_detection,0.0,0.0,14
102542885_K33678_F1B03-532_1_21.jpg,CBHPM,5,no_overlapping_detection,0.0,0.0,14
102559345_K33068_F1B03-500_1_21.jpg,CBVPM,6,no_overlapping_detection,0.0,0.0,12
102600413_K33028_F1B03-498_1_21.jpg,CBHPM,5,no_overlapping_detection,0.0,0.0,13
102601483_K32988_F1B03-496_1_21.jpg,CBVPM,6,no_overlapping_detection,0.0,0.0,13
102602637_K32948_F1B03-494_1_21.jpg,CBHPM,5,no_overlapping_detection,0.0,0.0,13
102603705_K32908_F1B03-492_1_21.jpg,CBVPM,6,no_overlapping_detection,0.0,0.0,4
102605816_K32826_F1B03-488_1_21.jpg,CBVPM,6,no_overlapping_detection,0.0,0.0,14
102606888_K32786_F1B03-486_1_21.jpg,CBHPM,5,no_overlapping_detection,0.0,0.0,13
102607993_K32746_F1B03-484_1_21.jpg,CBHPM,5,no_overlapping_detection,0.0,0.0,-1
102609109_K32704_F1B03-482_1_21.jpg,CBVPM,6,no_overlapping_detection,0.0,0.0,0
102611230_K32621_F1B03-478_1_21.jpg,CBHPM,5,no_overlapping_detection,0.0,0.0,4
102613390_K32540_F1B03-474_1_21.jpg,CBHPM,5,no_overlapping_detection,0.0,0.0,13
102614461_K32500_F1B03-472_1_21.jpg,CBVPM,6,no_overlapping_detection,0.0,0.0,14
102615553_K32460_F1B03-470_1_21.jpg,CBVPM,6,no_overlapping_detection,0.0,0.0,4
102616647_K32420_F1B03-468_1_21.jpg,CBHPM,5,no_overlapping_detection,0.0,0.0,13
102618767_K32340_F1B03-464_1_21.jpg,CBHPM,5,no_overlapping_detection,0.0,0.0,13
102619873_K32300_F1B03-462_1_21.jpg,CBHPM,5,no_overlapping_detection,0.0,0.0,14
102619873_K32300_F1B03-462_1_21.jpg,CBVPM,6,no_overlapping_detection,0.0,0.0,14
102620973_K32260_F1B03-460_1_21.jpg,CBHPM,5,no_overlapping_detection,0.0,0.0,1
102622044_K32220_F1B03-458_1_21.jpg,CBHPM,5,no_overlapping_detection,0.0,0.0,13
102625250_K32100_F1B03-452_1_21.jpg,CBVPM,6,no_overlapping_detection,0.0,0.0,13
102625250_K32100_F1B03-452_1_21.jpg,CBHPM,5,no_overlapping_detection,0.0,0.0,13
102627421_K32020_F1B03-448_1_21.jpg,CBVPM,6,no_overlapping_detection,0.0,0.0,13
102627421_K32020_F1B03-448_1_21.jpg,CBHPM,5,no_overlapping_detection,0.0,0.0,13
102629588_K31940_F1B03-444_1_21.jpg,CBVPM,6,no_overlapping_detection,0.0,0.0,15
102630572_K31900_F1B03-442_1_21.jpg,CBVPM,6,no_overlapping_detection,0.0,0.0,13
102631744_K31861_F1B03-440_1_21.jpg,CBHPM,5,no_overlapping_detection,0.0,0.0,13
102632850_K31824_F1B03-438_1_21.jpg,CBHPM,5,no_overlapping_detection,0.0,0.0,13
102632850_K31824_F1B03-438_1_21.jpg,CBVPM,6,no_overlapping_detection,0.0,0.0,13
102634974_K31741_F1B03-434_1_21.jpg,CBVPM,6,no_overlapping_detection,0.0,0.0,14
102635986_K31700_F1B03-432_1_21.jpg,CBHPM,5,no_overlapping_detection,0.0,0.0,13
102637130_K31622_F1B03-428_1_21.jpg,CBHPM,5,no_overlapping_detection,0.0,0.0,11
102640403_K31538_F1B03-424_1_21.jpg,CBVPM,6,no_overlapping_detection,0.0,0.0,15
102640403_K31538_F1B03-424_1_21.jpg,CBHPM,5,no_overlapping_detection,0.0,0.0,15
102642556_K31458_F1B03-420_1_21.jpg,CBVPM,6,no_overlapping_detection,0.0,0.0,14
102644782_K31378_F1B03-416_1_21.jpg,CBVPM,6,no_overlapping_detection,0.0,0.0,13
102645767_K31338_F1B03-414_1_21.jpg,CBHPM,5,no_overlapping_detection,0.0,0.0,13
102646890_K31298_F1B03-412_1_21.jpg,CBVPM,6,no_overlapping_detection,0.0,0.0,12
102647995_K31259_F1B03-410_1_21.jpg,CBVPM,6,no_overlapping_detection,0.0,0.0,13
102650167_K31179_F1B03-406_1_21.jpg,CBVPM,6,no_overlapping_detection,0.0,0.0,15
102651176_K31139_F1B03-404_1_21.jpg,CBHPM,5,no_overlapping_detection,0.0,0.0,13
102653337_K31062_F1B03-400_1_21.jpg,CBHPM,5,no_overlapping_detection,0.0,0.0,13
102654475_K31022_F1B03-398_1_21.jpg,CBVPM,6,no_overlapping_detection,0.0,0.0,12
102655548_K30982_F1B03-396_1_21.jpg,CBHPM,5,no_overlapping_detection,0.0,0.0,13
102657694_K30900_F1B03-392_1_21.jpg,CBVPM,6,no_overlapping_detection,0.0,0.0,12
102657694_K30900_F1B03-392_1_21.jpg,CBHPM,5,no_overlapping_detection,0.0,0.0,12
102659845_K30820_F1B03-388_1_21.jpg,CBHPM,5,no_overlapping_detection,0.0,0.0,14
102700917_K30780_F1B03-386_1_21.jpg,CBHPM,5,no_overlapping_detection,0.0,0.0,15
102703107_K30700_F1B03-382_1_21.jpg,CBVPM,6,no_overlapping_detection,0.0,0.0,14
102704184_K30660_F1B03-380_1_21.jpg,CBVPM,6,no_overlapping_detection,0.0,0.0,12
102708316_K30502_F1B03-372_1_21.jpg,CBHPM,5,no_overlapping_detection,0.0,0.0,14
102709203_K30464_F1B03-370_1_21.jpg,CBHPM,5,no_overlapping_detection,0.0,0.0,13
102709203_K30464_F1B03-370_1_21.jpg,CBVPM,6,no_overlapping_detection,0.0,0.0,13
102710166_K30428_F1B03-368_1_21.jpg,CBVPM,6,no_overlapping_detection,0.0,0.0,13
102711108_K30394_F1B03-366_1_21.jpg,CBHPM,5,no_overlapping_detection,0.0,0.0,13
102712077_K30359_F1B03-364_1_21.jpg,CBVPM,6,no_overlapping_detection,0.0,0.0,13
102713813_K30289_F1B03-360_1_21.jpg,CBVPM,6,no_overlapping_detection,0.0,0.0,12
102714651_K30256_F1B03-358_1_21.jpg,CBVPM,6,no_overlapping_detection,0.0,0.0,13
102715428_K30224_F1B03-356_1_21.jpg,CBVPM,6,overlapped_by_wrong_class_or_location,0.20826136279445345,0.0,13
102716253_K30194_F1B03-354_1_21.jpg,CBHPM,5,no_overlapping_detection,0.0,0.0,12
102717214_K30164_F1B03-352_1_21.jpg,CBVPM,6,no_overlapping_detection,0.0,0.0,-1
102718141_K30134_F1B03-350_1_21.jpg,CBVPM,6,no_overlapping_detection,0.0,0.0,13
102719093_K30099_F1B03-348_1_21.jpg,CBVPM,6,no_overlapping_detection,0.0,0.0,-1
102720056_K30064_F1B03-346_1_21.jpg,CBHPM,5,no_overlapping_detection,0.0,0.0,13
102720961_K30029_F1B03-344_1_21.jpg,CBVPM,6,no_overlapping_detection,0.0,0.0,-1
102722837_K29959_F1B03-340_1_21.jpg,CBVPM,6,no_overlapping_detection,0.0,0.0,1
102724824_K29889_F1B03-336_1_21.jpg,CBHPM,5,no_overlapping_detection,0.0,0.0,-1
102725871_K29854_F1B03-334_1_21.jpg,CBVPM,6,no_overlapping_detection,0.0,0.0,-1
102726886_K29814_F1B03-332_1_21.jpg,CBHPM,5,no_overlapping_detection,0.0,0.0,1
102728980_K29734_F1B03-328_1_21.jpg,CBHPM,5,no_overlapping_detection,0.0,0.0,15
102728980_K29734_F1B03-328_1_21.jpg,CBVPM,6,no_overlapping_detection,0.0,0.0,15
102730026_K29693_F1B03-326_1_21.jpg,CBHPM,5,no_overlapping_detection,0.0,0.0,15
102731133_K29615_F1B03-322_1_21.jpg,CBHPM,5,no_overlapping_detection,0.0,0.0,1
102732253_K29573_F1B03-320_1_21.jpg,CBVPM,6,no_overlapping_detection,0.0,0.0,12
102733241_K29571_F1B03-318a_1_21.jpg,CBHPM,5,no_overlapping_detection,0.0,0.0,14
102737396_K29413_F1B03-312_1_21.jpg,CBHPM,5,no_overlapping_detection,0.0,0.0,-1
102739548_K29335_F1B03-308_1_21.jpg,CBVPM,6,no_overlapping_detection,0.0,0.0,3
102741690_K29255_F1B03-304_1_21.jpg,CBHPM,5,no_overlapping_detection,0.0,0.0,13
102744852_K29135_F1B03-298_1_21.jpg,CBVPM,6,no_overlapping_detection,0.0,0.0,13
102745897_K29095_F1B03-296_1_21.jpg,CBHPM,5,no_overlapping_detection,0.0,0.0,-1
102747963_K29013_F1B03-292_1_21.jpg,CBHPM,5,no_overlapping_detection,0.0,0.0,14
102748864_K28973_F1B03-290_1_21.jpg,CBVPM,6,no_overlapping_detection,0.0,0.0,13
102749846_K28935_F1B03-288_1_21.jpg,CBHPM,5,no_overlapping_detection,0.0,0.0,14
102751628_K28861_F1B03-284_1_21.jpg,CBHPM,5,no_overlapping_detection,0.0,0.0,13
102755142_K28730_F1B03-276_1_21.jpg,CBHPM,5,no_overlapping_detection,0.0,0.0,12
102756142_K28700_F1B03-274_1_21.jpg,CBVPM,6,no_overlapping_detection,0.0,0.0,15
102801865_K28470_F1B03-262_1_21.jpg,CBHPM,5,no_overlapping_detection,0.0,0.0,14
102802784_K28437_F1B03-260_1_21.jpg,CBVPM,6,no_overlapping_detection,0.0,0.0,14
102805971_K28322_F1B03-252a_1_21.jpg,CBVPM,6,no_overlapping_detection,0.0,0.0,13
102808059_K28244_F1B03-250_1_21.jpg,CBHPM,5,no_overlapping_detection,0.0,0.0,-1
102809128_K28204_F1B03-248_1_21.jpg,CBVPM,6,no_overlapping_detection,0.0,0.0,12
102812309_K28084_F1B03-242_1_21.jpg,CBHPM,5,no_overlapping_detection,0.0,0.0,12
102813324_K28044_F1B03-240_1_21.jpg,CBVPM,6,no_overlapping_detection,0.0,0.0,-1
102814414_K28004_F1B03-238_1_21.jpg,CBHPM,5,no_overlapping_detection,0.0,0.0,12
102816539_K27924_F1B03-234_1_21.jpg,CBHPM,5,no_overlapping_detection,0.0,0.0,13
102817548_K27884_F1B03-232_1_21.jpg,CBVPM,6,no_overlapping_detection,0.0,0.0,13
102818641_K27844_F1B03-230_1_21.jpg,CBHPM,5,no_overlapping_detection,0.0,0.0,1
102819699_K27804_F1B03-228_1_21.jpg,CBHPM,5,no_overlapping_detection,0.0,0.0,12
102823443_K27654_F1B03-220_1_21.jpg,CBHPM,5,no_overlapping_detection,0.0,0.0,1
102828043_K27479_F1B03-210_1_21.jpg,CBHPM,5,no_overlapping_detection,0.0,0.0,15
102832074_K27296_F1B03-200_1_21.jpg,CBHPM,5,no_overlapping_detection,0.0,0.0,-1
102833117_K27294_F1B03-198a_1_21.jpg,CBHPM,5,no_overlapping_detection,0.0,0.0,13
102835229_K27212_F1B03-196_1_21.jpg,CBHPM,5,no_overlapping_detection,0.0,0.0,12
102838379_K27092_F1B03-190_1_21.jpg,CBVPM,6,no_overlapping_detection,0.0,0.0,14
102842219_K26937_F1B03-182_1_21.jpg,CBHPM,5,no_overlapping_detection,0.0,0.0,13
102843123_K26902_F1B03-180_1_21.jpg,CBHPM,5,no_overlapping_detection,0.0,0.0,13
102845934_K26797_F1B03-174_1_21.jpg,CBVPM,6,no_overlapping_detection,0.0,0.0,13
102846895_K26762_F1B03-172_1_21.jpg,CBHPM,5,no_overlapping_detection,0.0,0.0,12
102849936_K26657_F1B03-166_1_21.jpg,CBHPM,5,no_overlapping_detection,0.0,0.0,13
102853255_K26552_F1B03-160_1_21.jpg,CBVPM,6,no_overlapping_detection,0.0,0.0,1
102855686_K26482_F1B03-156_1_21.jpg,CBHPM,5,no_overlapping_detection,0.0,0.0,13
102855686_K26482_F1B03-156_1_21.jpg,CBVPM,6,misclassified,0.5126087331057079,0.0,1
102859874_K26378_F1B03-150_1_21.jpg,CBHPM,5,no_overlapping_detection,0.0,0.0,1
102901451_K26341_F1B03-148_1_21.jpg,CBVPM,6,no_overlapping_detection,0.0,0.0,14
102903294_K26305_F1B03-146_1_21.jpg,CBVPM,6,no_overlapping_detection,0.0,0.0,-1
103648072_K16476_F1B02-960_1_21.jpg,CBHPM,5,no_overlapping_detection,0.0,0.0,14
103821361_K14184_F1B02-680_1_21.jpg,RHTBNM,7,no_overlapping_detection,0.0,0.0,13
103821361_K14184_F1B02-680_1_21.jpg,INSD,14,no_overlapping_detection,0.0,0.0,13
103821361_K14184_F1B02-680_1_22.jpg,INSD,14,no_overlapping_detection,0.0,0.0,13
103821361_K14184_F1B02-680_1_22.jpg,RHTBNM,7,no_overlapping_detection,0.0,0.0,13
103822836_K14128_F1B02-656_1_21.jpg,RHTBNL,8,no_overlapping_detection,0.0,0.0,13
103827474_K13957_F1B02-600_1_21.jpg,INSD,14,no_overlapping_detection,0.030968729770565504,0.0,12
103827474_K13957_F1B02-600_1_21.jpg,RHTBNL,8,no_overlapping_detection,0.0,0.0,13
103827474_K13957_F1B02-600_1_21.jpg,INSD,14,no_overlapping_detection,0.0,0.0,13
103829021_K13901_F1B02-574_1_21.jpg,RHTBNL,8,no_overlapping_detection,0.0,0.0,12
103829021_K13901_F1B02-574_1_21.jpg,INSD,14,no_overlapping_detection,0.0,0.0,12
103829021_K13901_F1B02-574_1_22.jpg,RHTBNM,7,no_overlapping_detection,0.0,0.0,14
103829021_K13901_F1B02-574_1_22.jpg,RHTBNL,8,no_overlapping_detection,0.0,0.0,14
103844529_K13405_F1B02-438_1_21.jpg,INSD,14,no_overlapping_detection,0.0,0.0,13
103949128_K11301_F1B01-2516_1_21.jpg,INSD,14,no_overlapping_detection,0.0,0.0,13
104514623_K6570_F1B01-1164_1_21.jpg,INSD,14,no_overlapping_detection,0.0,0.0,-1
104514623_K6570_F1B01-1164_1_21.jpg,RHTBNL,8,no_overlapping_detection,0.0,0.0,-1
104514623_K6570_F1B01-1164_1_21.jpg,INSD,14,no_overlapping_detection,0.0,0.0,-1
104514794_K6570_F1B01-1164_1_21.jpg,RHTBNM,7,no_overlapping_detection,0.0,0.0,-1
104514794_K6570_F1B01-1164_1_21.jpg,INSD,14,no_overlapping_detection,0.0,0.0,-1
104514794_K6570_F1B01-1164_1_21.jpg,RHTBNL,8,no_overlapping_detection,0.0,0.0,-1
104631173_K6436_F1B01-1124_1_21.jpg,INSD,14,no_overlapping_detection,0.0,0.0,12
104631173_K6436_F1B01-1124_1_21.jpg,RHTBNM,7,no_overlapping_detection,0.0,0.0,12
104631173_K6436_F1B01-1124_1_21.jpg,INSD,14,no_overlapping_detection,0.0,0.0,12
104634876_K6387_F1B01-1104_1_21.jpg,RHTBNL,8,no_overlapping_detection,0.0,0.0,13
104634876_K6387_F1B01-1104_1_21.jpg,INSD,14,no_overlapping_detection,0.0,0.0,13
104634876_K6387_F1B01-1104_1_22.jpg,INSD,14,no_overlapping_detection,0.0,0.0,13
104634876_K6387_F1B01-1104_1_22.jpg,RHTBNM,7,no_overlapping_detection,0.0013665043672845072,0.0,13
104841326_K5158_F1B01-760_1_21.jpg,INSD,14,no_overlapping_detection,0.0,0.0,13
104841326_K5158_F1B01-760_1_21.jpg,INSD,14,no_overlapping_detection,0.0,0.0,13
104845077_K5103_F1B01-734_1_22.jpg,RHTBNM,7,no_overlapping_detection,0.0,0.0,13
104845078_K5103_F1B01-734_1_21.jpg,INSD,14,no_overlapping_detection,0.0,0.0,14
104845078_K5103_F1B01-734_1_21.jpg,INSD,14,no_overlapping_detection,0.0,0.0,14
104845198_K5099_F1B01-730_1_22.jpg,RHTBNM,7,overlapped_by_wrong_class_or_location,0.10535770023229224,0.0,3
104845198_K5099_F1B01-730_1_22.jpg,INSD,14,no_overlapping_detection,0.0,0.0,3
104845198_K5099_F1B01-730_1_22.jpg,INSD,14,no_overlapping_detection,0.0,0.0,3
104845198_K5099_F1B01-730_1_22.jpg,RHTBNL,8,no_overlapping_detection,0.0,0.0,3
104845199_K5099_F1B01-730_1_21.jpg,RHTBNM,7,no_overlapping_detection,0.0,0.0,13
104845199_K5099_F1B01-730_1_21.jpg,INSD,14,no_overlapping_detection,0.0,0.0,13
104908908_K4468_F1B01-550_1_21.jpg,RHTBNM,7,no_overlapping_detection,0.0870527451173266,0.0,13
104908908_K4468_F1B01-550_1_21.jpg,INSD,14,no_overlapping_detection,0.0,0.0,13
104908908_K4468_F1B01-550_1_21.jpg,RHTBNL,8,no_overlapping_detection,0.0,0.0,13
105005596_K2981_F1B01-144_1_21.jpg,INSD,14,no_overlapping_detection,0.007776606342907325,0.0,13
105005596_K2981_F1B01-144_1_21.jpg,RHTBNM,7,no_overlapping_detection,0.0,0.0,13
105005826_K2977_F1B01-140_1_21.jpg,RHTBNL,8,no_overlapping_detection,0.0,0.0,13
105005826_K2977_F1B01-140_1_21.jpg,RHTBNM,7,no_overlapping_detection,0.0,0.0,13
105005826_K2977_F1B01-140_1_21.jpg,INSD,14,no_overlapping_detection,0.0,0.0,13
105023738_K2829_F1B01-096_1_21.jpg,INSD,14,no_overlapping_detection,0.0,0.0,12
105023852_K2822_F1B01-094_1_21.jpg,RHTBNM,7,no_overlapping_detection,0.0,0.0,12
105023852_K2822_F1B01-094_1_21.jpg,INSD,14,no_overlapping_detection,0.0,0.0,12
105023968_K2814_F1B01-092_1_21.jpg,INSD,14,no_overlapping_detection,0.0,0.0,3
105023968_K2814_F1B01-092_1_21.jpg,RHTBNM,7,overlapped_by_wrong_class_or_location,0.1852590921755268,0.0,3
105023968_K2814_F1B01-092_1_21.jpg,RHTBNL,8,no_overlapping_detection,0.0,0.0,3
105027907_K2773_F1B01-082_1_21.jpg,RHTBNM,7,no_overlapping_detection,0.0,0.0,13
105406681_K2586_F1A01-079_1_22.jpg,RHTBNL,8,overlapped_by_wrong_class_or_location,0.29846889816988725,0.0,12
105406681_K2586_F1A01-079_1_22.jpg,RHTBNL,8,no_overlapping_detection,0.0,0.0,12
105406681_K2586_F1A01-079_1_22.jpg,INSD,14,no_overlapping_detection,0.0,0.0,12
105406788_K2595_F1A01-081_1_22.jpg,INSD,14,no_overlapping_detection,0.0,0.0,-1
105410645_K2666_F1A01-099_1_22.jpg,RHTBNL,8,no_overlapping_detection,0.0,0.0,-1
105410645_K2666_F1A01-099_1_22.jpg,INSD,14,no_overlapping_detection,0.0,0.0,-1
105416662_K2782_F1A01-133_1_21.jpg,INSD,14,no_overlapping_detection,0.0,0.0,-1
105416662_K2782_F1A01-133_1_21.jpg,RHTBNL,8,no_overlapping_detection,0.0,0.0,-1
105416796_K2783_F1A01-135_1_21.jpg,RHTBNM,7,no_overlapping_detection,0.08304766801730565,0.0,1
105416796_K2783_F1A01-135_1_21.jpg,INSD,14,no_overlapping_detection,0.0,0.0,1
105441946_K3273_F1A01-265_1_22.jpg,RHTBNM,7,no_overlapping_detection,0.0,0.0,6
105441946_K3273_F1A01-265_1_22.jpg,INSD,14,no_overlapping_detection,0.0,0.0,6
105441947_K3273_F1A01-265_1_21.jpg,RHTBNM,7,no_overlapping_detection,0.0,0.0,13
105441947_K3273_F1A01-265_1_21.jpg,INSD,14,no_overlapping_detection,0.0,0.0,13
105442103_K3279_F1A01-271_1_21.jpg,RHTBNM,7,no_overlapping_detection,0.0,0.0,13
105503450_K3770_F1A01-401_1_21.jpg,RHTBNL,8,no_overlapping_detection,0.0,0.0,-1
105503450_K3770_F1A01-401_1_21.jpg,INSD,14,no_overlapping_detection,0.0,0.0,-1
105503569_K3775_F1A01-407_1_22.jpg,RHTBNL,8,no_overlapping_detection,0.0,0.0,14
105503569_K3775_F1A01-407_1_22.jpg,INSD,14,no_overlapping_detection,0.0,0.0,14
105503570_K3775_F1A01-407_1_21.jpg,RHTBNM,7,no_overlapping_detection,0.0,0.0,-1
105521738_K4266_F1A01-537_1_22.jpg,INSD,14,no_overlapping_detection,0.0,0.0,-1
105521853_K4272_F1A01-543_1_21.jpg,RHTBNL,8,no_overlapping_detection,0.0,0.0,13
105521853_K4272_F1A01-543_1_21.jpg,INSD,14,no_overlapping_detection,0.0,0.0,13
105540143_K4757_F1A01-673_1_21.jpg,RHTBNL,8,no_overlapping_detection,0.0,0.0,-1
105540143_K4757_F1A01-673_1_21.jpg,INSD,14,no_overlapping_detection,0.0,0.0,-1
105540143_K4757_F1A01-673_1_21.jpg,INSD,14,no_overlapping_detection,0.0,0.0,-1
105540270_K4761_F1A01-677_1_22.jpg,RHTBNM,7,no_overlapping_detection,0.0,0.0,13
105540270_K4761_F1A01-677_1_22.jpg,INSD,14,no_overlapping_detection,0.0,0.0,13
105540271_K4761_F1A01-677_1_21.jpg,RHTBNM,7,no_overlapping_detection,0.0,0.0,-1
105548661_K4929_F1A01-729_1_22.jpg,RHTBNM,7,no_overlapping_detection,0.0,0.0,14
105548661_K4929_F1A01-729_1_22.jpg,INSD,14,no_overlapping_detection,0.0,0.0,14
105548661_K4929_F1A01-729_1_22.jpg,INSD,14,no_overlapping_detection,0.0,0.0,14
105548662_K4929_F1A01-729_1_21.jpg,RHTBNL,8,no_overlapping_detection,0.0,0.0,13
105548662_K4929_F1A01-729_1_21.jpg,INSD,14,no_overlapping_detection,0.0,0.0,13
105548772_K4932_F1A01-731_1_22.jpg,RHTBNM,7,no_overlapping_detection,0.0,0.0,13
105548772_K4932_F1A01-731_1_22.jpg,INSD,14,no_overlapping_detection,0.0,0.0,13
105548773_K4932_F1A01-731_1_21.jpg,RHTBNL,8,no_overlapping_detection,0.0,0.0,13
105548773_K4932_F1A01-731_1_21.jpg,INSD,14,no_overlapping_detection,0.0,0.0,13
105552312_K4984_F1A01-755_1_22.jpg,INSD,14,no_overlapping_detection,0.0,0.0,6
105742871_K5481_F1A01-891_1_21.jpg,RHTBNM,7,no_overlapping_detection,0.0,0.0,-1
105742871_K5481_F1A01-891_1_21.jpg,INSD,14,no_overlapping_detection,0.0,0.0,-1
105742989_K5485_F1A01-897_1_22.jpg,RHTBNL,8,no_overlapping_detection,0.0,0.0,13
105742989_K5485_F1A01-897_1_22.jpg,INSD,14,no_overlapping_detection,0.0,0.0,13
105742991_K5485_F1A01-897_1_21.jpg,RHTBNM,7,no_overlapping_detection,0.0,0.0,-1
105802408_K5978_F1A01-1029_1_21.jpg,INSD,14,no_overlapping_detection,0.0,0.0,-1
105802528_K5980_F1A01-1033_1_22.jpg,RHTBNM,7,no_overlapping_detection,0.0,0.0,-1
105802528_K5980_F1A01-1033_1_22.jpg,INSD,14,no_overlapping_detection,0.0,0.0,-1
105802530_K5980_F1A01-1033_1_21.jpg,RHTBNL,8,no_overlapping_detection,0.0,0.0,1
105802530_K5980_F1A01-1033_1_21.jpg,INSD,14,no_overlapping_detection,0.0,0.0,1
105813693_K6211_F1A01-1097_1_21.jpg,RHTBNM,7,no_overlapping_detection,0.0,0.0,13
105813693_K6211_F1A01-1097_1_21.jpg,INSD,14,no_overlapping_detection,0.0,0.0,13
105813818_K6214_F1A01-1099_1_22.jpg,RHTBNL,8,no_overlapping_detection,0.0,0.0,13
105813818_K6214_F1A01-1099_1_22.jpg,RHTBNM,7,no_overlapping_detection,0.0,0.0,13
105813820_K6214_F1A01-1099_1_21.jpg,INSD,14,no_overlapping_detection,0.0,0.0,13
11.jpg,INSD,14,no_overlapping_detection,0.0,0.0,13
11.jpg,INSD,14,no_overlapping_detection,0.0,0.0,13
11.jpg,INSD,14,no_overlapping_detection,0.04328413804878805,0.0,0
12.jpg,DRPS,15,no_overlapping_detection,0.0,0.0,12
12.jpg,INSD,14,no_overlapping_detection,0.0,0.0,12
13.jpg,DRPS,15,no_overlapping_detection,0.0,0.0,15
13.jpg,INSD,14,no_overlapping_detection,0.0,0.0,15
13.jpg,DRPS,15,no_overlapping_detection,0.0,0.0,15
14.jpg,DRPS,15,no_overlapping_detection,0.0,0.0,13
14.jpg,DRPS,15,no_overlapping_detection,0.0,0.0,13
14.jpg,INSD,14,no_overlapping_detection,0.0,0.0,13
15.jpg,DRPS,15,no_overlapping_detection,0.0,0.0,13
15.jpg,INSD,14,no_overlapping_detection,0.006417396171698557,0.0,3
16.jpg,DRPS,15,no_overlapping_detection,0.0,0.0,14
16.jpg,DRPS,15,no_overlapping_detection,0.0,0.0,14
16.jpg,INSD,14,no_overlapping_detection,0.0,0.0,14
16.jpg,INSD,14,no_overlapping_detection,0.0,0.0,14
17.jpg,DRPS,15,no_overlapping_detection,0.0,0.0,13
17.jpg,INSD,14,no_overlapping_detection,0.0,0.0,13
18.jpg,DRPS,15,no_overlapping_detection,0.0,0.0,13
18.jpg,INSD,14,no_overlapping_detection,0.0,0.0,13
19.jpg,DRPS,15,no_overlapping_detection,0.0,0.0,13
19.jpg,INSD,14,no_overlapping_detection,0.0,0.0,13
190548880_K47066_F1B04-668_1_21.jpg,CBVPM,6,no_overlapping_detection,0.0,0.0,13
190611514_K46350_F1B04-628_1_21.jpg,CBVPM,6,no_overlapping_detection,0.0,0.0,14
190612852_K46311_F1B04-626_1_21.jpg,CBVPM,6,no_overlapping_detection,0.0,0.0,3
190614062_K46268_F1B04-624_1_21.jpg,CBVPM,6,no_overlapping_detection,0.0,0.0,4
190615278_K46229_F1B04-622_1_21.jpg,CBVPM,6,no_overlapping_detection,0.0,0.0,12
190616500_K46190_F1B04-620_1_21.jpg,CBVPM,6,no_overlapping_detection,0.0,0.0,12
190617695_K46149_F1B04-618_1_21.jpg,CBVPM,6,no_overlapping_detection,0.0,0.0,13
190618902_K46109_F1B04-616_1_21.jpg,CBVPM,6,no_overlapping_detection,0.0,0.0,12
190620111_K46069_F1B04-614_1_21.jpg,CBVPM,6,no_overlapping_detection,0.0,0.0,-1
190621366_K46030_F1B04-612_1_21.jpg,CBVPM,6,no_overlapping_detection,0.0,0.0,6
190622656_K45990_F1B04-610_1_21.jpg,CBVPM,6,no_overlapping_detection,0.0,0.0,11
190632154_K45712_F1B04-596_1_21.jpg,CBVPM,6,no_overlapping_detection,0.0,0.0,14
190636433_K45591_F1B04-590_1_21.jpg,CBVPM,6,no_overlapping_detection,0.0,0.0,13
190637949_K45552_F1B04-588_1_21.jpg,CBVPM,6,no_overlapping_detection,0.0,0.0,14
190639429_K45511_F1B04-586_1_21.jpg,CBVPM,6,no_overlapping_detection,0.0,0.0,13
190642484_K45431_F1B04-582_1_21.jpg,CBVPM,6,no_overlapping_detection,0.0,0.0,14
190643775_K45392_F1B04-580_1_21.jpg,CBVPM,6,no_overlapping_detection,0.0,0.0,13
190645004_K45357_F1B04-576a_1_21.jpg,CBVPM,6,no_overlapping_detection,0.0,0.0,13
190646312_K45296_F1B04-574_1_21.jpg,CBVPM,6,no_overlapping_detection,0.0,0.0,-1
190647697_K45294_F1B04-572a_1_21.jpg,CBVPM,6,no_overlapping_detection,0.0,0.0,12
190649395_K45260_F1B04-572_1_21.jpg,CBVPM,6,no_overlapping_detection,0.0,0.0,15
190651053_K45219_F1B04-570_1_21.jpg,CBVPM,6,no_overlapping_detection,0.0,0.0,1
190652676_K45180_F1B04-568_1_21.jpg,CBVPM,6,no_overlapping_detection,0.0,0.0,13
190654357_K45141_F1B04-566_1_21.jpg,CBVPM,6,no_overlapping_detection,0.0,0.0,13
190657759_K45060_F1B04-562_1_21.jpg,CBVPM,6,no_overlapping_detection,0.0,0.0,12
190700717_K44986_F1B04-558_1_21.jpg,CBVPM,6,no_overlapping_detection,0.0,0.0,13
190717388_K44566_F1B04-532a_1_21.jpg,CBVPM,6,no_overlapping_detection,0.0,0.0,-1
190726263_K44292_F1B04-520_1_21.jpg,CBVPM,6,no_overlapping_detection,0.0,0.0,13
190727376_K44251_F1B04-518_1_21.jpg,CBVPM,6,no_overlapping_detection,0.0,0.0,14
190728503_K44212_F1B04-516_1_21.jpg,CBVPM,6,no_overlapping_detection,0.0,0.0,14
190729610_K44173_F1B04-514_1_21.jpg,CBVPM,6,no_overlapping_detection,0.0,0.0,1
190730777_K44133_F1B04-512_1_21.jpg,CBVPM,6,no_overlapping_detection,0.0,0.0,13
190731840_K44091_F1B04-510_1_21.jpg,CBVPM,6,no_overlapping_detection,0.0,0.0,13
190734027_K44012_F1B04-506_1_21.jpg,CBVPM,6,no_overlapping_detection,0.0,0.0,13
190747414_K43520_F1B04-480_1_21.jpg,CBVPM,6,no_overlapping_detection,0.0,0.0,12
194041437_K5158_F1B01-760_1_21.jpg,INSD,14,no_overlapping_detection,0.0,0.0,13
194041604_K5154_F1B01-758_1_21.jpg,INSD,14,no_overlapping_detection,0.0,0.0,-1
194045187_K5103_F1B01-734_1_21.jpg,INSD,14,no_overlapping_detection,0.0,0.0,14
194045187_K5103_F1B01-734_1_21.jpg,RHTBNM,7,no_overlapping_detection,0.0,0.0,14
194045187_K5103_F1B01-734_1_22.jpg,RHTBNL,8,no_overlapping_detection,0.0,0.0,-1
194045187_K5103_F1B01-734_1_22.jpg,INSD,14,no_overlapping_detection,0.0,0.0,-1
194045294_K5100_F1B01-732_1_22.jpg,INSD,14,no_overlapping_detection,0.0,0.0,-1
194051973_K4967_F1B01-688_1_21.jpg,RHTBNL,8,no_overlapping_detection,0.0,0.0,13
194051973_K4967_F1B01-688_1_21.jpg,INSD,14,no_overlapping_detection,0.0,0.0,13
194051973_K4967_F1B01-688_1_22.jpg,RHTBNL,8,no_overlapping_detection,0.0,0.0,13
194051973_K4967_F1B01-688_1_22.jpg,INSD,14,no_overlapping_detection,0.0,0.0,13
194052106_K4963_F1B01-684_1_21.jpg,RHTBNM,7,no_overlapping_detection,0.0,0.0,12
194052106_K4963_F1B01-684_1_21.jpg,INSD,14,no_overlapping_detection,0.0,0.0,12
194109875_K4471_F1B01-552_1_21.jpg,INSD,14,no_overlapping_detection,0.0,0.0,13
194109875_K4471_F1B01-552_1_21.jpg,RHTBNL,8,no_overlapping_detection,0.0,0.0,13
194109875_K4471_F1B01-552_1_22.jpg,RHTBNM,7,no_overlapping_detection,0.0,0.0,6
194109875_K4471_F1B01-552_1_22.jpg,INSD,14,no_overlapping_detection,0.0,0.0,6
194127663_K3974_F1B01-416_1_21.jpg,RHTBNL,8,no_overlapping_detection,0.0,0.0,13
194127663_K3974_F1B01-416_1_21.jpg,INSD,14,no_overlapping_detection,0.0,0.0,13
194127663_K3974_F1B01-416_1_22.jpg,RHTBNM,7,no_overlapping_detection,0.010044466649783469,0.0,13
194127790_K3970_F1B01-412_1_21.jpg,RHTBNL,8,no_overlapping_detection,0.0,0.0,-1
194127790_K3970_F1B01-412_1_21.jpg,INSD,14,no_overlapping_detection,0.0,0.0,-1
194127790_K3970_F1B01-412_1_21.jpg,RHTBNM,7,no_overlapping_detection,0.0,0.0,-1
194152569_K3477_F1B01-280_1_21.jpg,INSD,14,no_overlapping_detection,0.0,0.0,13
194152569_K3477_F1B01-280_1_22.jpg,RHTBNM,7,no_overlapping_detection,0.0,0.0,13
194152695_K3474_F1B01-276_1_21.jpg,RHTBNL,8,no_overlapping_detection,0.0,0.0,-1
194152695_K3474_F1B01-276_1_21.jpg,INSD,14,no_overlapping_detection,0.0,0.0,-1
194152695_K3474_F1B01-276_1_22.jpg,RHTBNM,7,no_overlapping_detection,0.0,0.0,13
194229350_K2981_F1B01-144_1_21.jpg,INSD,14,no_overlapping_detection,0.0,0.0,13
194229350_K2981_F1B01-144_1_21.jpg,RHTBNL,8,no_overlapping_detection,0.0,0.0,13
194229350_K2981_F1B01-144_1_22.jpg,RHTBNM,7,no_overlapping_detection,0.0,0.0,14
194229350_K2981_F1B01-144_1_22.jpg,INSD,14,no_overlapping_detection,0.0,0.0,14
194229454_K2978_F1B01-142_1_21.jpg,INSD,14,no_overlapping_detection,0.0,0.0,13
194229454_K2978_F1B01-142_1_22.jpg,RHTBNM,7,no_overlapping_detection,0.0,0.0,-1
194229454_K2978_F1B01-142_1_22.jpg,INSD,14,no_overlapping_detection,0.0,0.0,-1
194247241_K2822_F1B01-094_1_21.jpg,RHTBNM,7,no_overlapping_detection,0.0,0.0,13
194247241_K2822_F1B01-094_1_21.jpg,INSD,14,no_overlapping_detection,0.0,0.0,13
194247357_K2814_F1B01-092_1_21.jpg,INSD,14,no_overlapping_detection,0.0,0.0,-1
194251299_K2766_F1B01-080_1_21.jpg,RHTBNL,8,no_overlapping_detection,0.0,0.0,12
194251299_K2766_F1B01-080_1_21.jpg,INSD,14,no_overlapping_detection,0.0,0.0,12
194251299_K2766_F1B01-080_1_22.jpg,INSD,14,no_overlapping_detection,0.05344096794334289,0.0,12
194251475_K2766_F1B01-080_1_21.jpg,RHTBNM,7,no_overlapping_detection,0.0,0.0,-1
194251475_K2766_F1B01-080_1_21.jpg,INSD,14,no_overlapping_detection,0.0,0.0,-1
194251475_K2766_F1B01-080_1_22.jpg,RHTBNM,7,no_overlapping_detection,0.0,0.0,6
194251475_K2766_F1B01-080_1_22.jpg,INSD,14,no_overlapping_detection,0.0,0.0,6
194745741_K2586_F1A01-079_1_22.jpg,RHTBNL,8,no_overlapping_detection,0.0,0.0,13
194745741_K2586_F1A01-079_1_22.jpg,INSD,14,no_overlapping_detection,0.0,0.0,13
194745741_K2586_F1A01-079_1_22.jpg,INSD,14,no_overlapping_detection,0.0,0.0,13
194745742_K2586_F1A01-079_1_21.jpg,RHTBNM,7,no_overlapping_detection,0.0,0.0,-1
194745849_K2595_F1A01-081_1_22.jpg,INSD,14,no_overlapping_detection,0.0,0.0,6
194745849_K2595_F1A01-081_1_22.jpg,INSD,14,no_overlapping_detection,0.013793235443465932,0.0,6
194749681_K2666_F1A01-099_1_22.jpg,RHTBNM,7,overlapped_by_wrong_class_or_location,0.19765118266943374,0.0,3
194749681_K2666_F1A01-099_1_22.jpg,INSD,14,no_overlapping_detection,0.0,0.0,3
194749681_K2666_F1A01-099_1_22.jpg,INSD,14,no_overlapping_detection,0.0,0.0,3
194749682_K2666_F1A01-099_1_21.jpg,RHTBNM,7,no_overlapping_detection,0.0,0.0,-1
194749793_K2674_F1A01-101_1_22.jpg,INSD,14,no_overlapping_detection,0.0,0.0,1
194749793_K2674_F1A01-101_1_22.jpg,INSD,14,no_overlapping_detection,0.0,0.0,1
194755534_K2782_F1A01-133_1_21.jpg,RHTBNL,8,no_overlapping_detection,0.0,0.0,-1
194755534_K2782_F1A01-133_1_21.jpg,INSD,14,no_overlapping_detection,0.0,0.0,-1
194819452_K3273_F1A01-265_1_22.jpg,RHTBNM,7,no_overlapping_detection,0.0,0.0,1
194819452_K3273_F1A01-265_1_22.jpg,INSD,14,no_overlapping_detection,0.0,0.0,1
194819452_K3273_F1A01-265_1_22.jpg,INSD,14,no_overlapping_detection,0.0,0.0,1
194819453_K3273_F1A01-265_1_21.jpg,RHTBNL,8,no_overlapping_detection,0.0,0.0,14
194819453_K3273_F1A01-265_1_21.jpg,INSD,14,no_overlapping_detection,0.0,0.0,14
194819453_K3273_F1A01-265_1_21.jpg,INSD,14,no_overlapping_detection,0.0,0.0,14
194819592_K3279_F1A01-271_1_22.jpg,INSD,14,no_overlapping_detection,0.0,0.0,-1
194819593_K3279_F1A01-271_1_21.jpg,RHTBNM,7,no_overlapping_detection,0.0,0.0,13
194819593_K3279_F1A01-271_1_21.jpg,INSD,14,no_overlapping_detection,0.0,0.0,13
194840007_K3770_F1A01-401_1_22.jpg,RHTBNL,8,no_overlapping_detection,0.0,0.0,-1
194840007_K3770_F1A01-401_1_22.jpg,INSD,14,no_overlapping_detection,0.0,0.0,-1
194840008_K3770_F1A01-401_1_21.jpg,INSD,14,no_overlapping_detection,0.0,0.0,1
194840008_K3770_F1A01-401_1_21.jpg,RHTBNL,8,no_overlapping_detection,0.0,0.0,1
194840008_K3770_F1A01-401_1_21.jpg,INSD,14,no_overlapping_detection,0.0,0.0,1
194840123_K3775_F1A01-407_1_22.jpg,RHTBNM,7,no_overlapping_detection,0.0,0.0,1
194840123_K3775_F1A01-407_1_22.jpg,INSD,14,no_overlapping_detection,0.0,0.0,1
194840124_K3775_F1A01-407_1_21.jpg,RHTBNM,7,no_overlapping_detection,0.0,0.0,-1
194857673_K4266_F1A01-537_1_22.jpg,RHTBNL,8,no_overlapping_detection,0.03084845836903594,0.0,14
194857673_K4266_F1A01-537_1_22.jpg,INSD,14,no_overlapping_detection,0.0,0.0,14
194857673_K4266_F1A01-537_1_22.jpg,INSD,14,no_overlapping_detection,0.0,0.0,14
194857674_K4266_F1A01-537_1_21.jpg,RHTBNL,8,no_overlapping_detection,0.0,0.0,13
194857674_K4266_F1A01-537_1_21.jpg,INSD,14,no_overlapping_detection,0.0,0.0,13
194857784_K4272_F1A01-543_1_22.jpg,RHTBNM,7,no_overlapping_detection,0.0,0.0,13
194857784_K4272_F1A01-543_1_22.jpg,INSD,14,no_overlapping_detection,0.0,0.0,13
194857785_K4272_F1A01-543_1_21.jpg,RHTBNL,8,no_overlapping_detection,0.0,0.0,6
194857785_K4272_F1A01-543_1_21.jpg,INSD,14,no_overlapping_detection,0.0,0.0,6
194915462_K4757_F1A01-673_1_22.jpg,RHTBNM,7,no_overlapping_detection,0.0,0.0,13
194915462_K4757_F1A01-673_1_22.jpg,INSD,14,no_overlapping_detection,0.0,0.0,13
194915462_K4757_F1A01-673_1_22.jpg,INSD,14,no_overlapping_detection,0.0,0.0,13
194915463_K4757_F1A01-673_1_21.jpg,RHTBNM,7,no_overlapping_detection,0.0,0.0,-1
194915463_K4757_F1A01-673_1_21.jpg,INSD,14,no_overlapping_detection,0.0,0.0,-1
194915463_K4757_F1A01-673_1_21.jpg,INSD,14,no_overlapping_detection,0.0,0.0,-1
194915589_K4761_F1A01-677_1_21.jpg,INSD,14,no_overlapping_detection,0.0,0.0,13
194915589_K4761_F1A01-677_1_21.jpg,RHTBNM,7,no_overlapping_detection,0.0,0.0,13
194915589_K4761_F1A01-677_1_21.jpg,INSD,14,no_overlapping_detection,0.0,0.0,13
194915589_K4761_F1A01-677_1_22.jpg,RHTBNL,8,no_overlapping_detection,0.0,0.0,1
194915589_K4761_F1A01-677_1_22.jpg,INSD,14,no_overlapping_detection,0.0,0.0,1
194923949_K4929_F1A01-729_1_21.jpg,RHTBNM,7,no_overlapping_detection,0.0,0.0,13
194923949_K4929_F1A01-729_1_21.jpg,INSD,14,no_overlapping_detection,0.0,0.0,13
194923949_K4929_F1A01-729_1_21.jpg,INSD,14,no_overlapping_detection,0.0,0.0,13
194923949_K4929_F1A01-729_1_22.jpg,INSD,14,no_overlapping_detection,0.0,0.0,14
194924061_K4932_F1A01-731_1_21.jpg,RHTBNL,8,no_overlapping_detection,0.0,0.0,13
194924061_K4932_F1A01-731_1_21.jpg,INSD,14,no_overlapping_detection,0.0,0.0,13
194924061_K4932_F1A01-731_1_22.jpg,INSD,14,no_overlapping_detection,0.0,0.0,13
194924061_K4932_F1A01-731_1_22.jpg,RHTBNM,7,no_overlapping_detection,0.0,0.0,13
194927601_K4984_F1A01-755_1_21.jpg,INSD,14,no_overlapping_detection,0.0,0.0,3
194927601_K4984_F1A01-755_1_22.jpg,INSD,14,no_overlapping_detection,0.0,0.0,-1
194927601_K4984_F1A01-755_1_22.jpg,INSD,14,no_overlapping_detection,0.0,0.0,-1
194927755_K4987_F1A01-759_1_22.jpg,INSD,14,no_overlapping_detection,0.0,0.0,-1
195111128_K5481_F1A01-891_1_21.jpg,INSD,14,no_overlapping_detection,0.0,0.0,-1
195111241_K5485_F1A01-897_1_22.jpg,RHTBNM,7,no_overlapping_detection,0.0,0.0,-1
195111241_K5485_F1A01-897_1_22.jpg,INSD,14,no_overlapping_detection,0.0,0.0,-1
195111242_K5485_F1A01-897_1_21.jpg,INSD,14,no_overlapping_detection,0.0,0.0,0
195111242_K5485_F1A01-897_1_21.jpg,RHTBNL,8,no_overlapping_detection,0.0,0.0,0
195130663_K5975_F1A01-1027_1_22.jpg,RHTBNM,7,no_overlapping_detection,0.0,0.0,13
195130663_K5975_F1A01-1027_1_22.jpg,INSD,14,no_overlapping_detection,0.0,0.0,13
195130664_K5975_F1A01-1027_1_21.jpg,RHTBNL,8,no_overlapping_detection,0.0,0.0,-1
195130664_K5975_F1A01-1027_1_21.jpg,INSD,14,no_overlapping_detection,0.0,0.0,-1
195130787_K5980_F1A01-1033_1_22.jpg,INSD,14,no_overlapping_detection,0.0,0.0,13
195130787_K5980_F1A01-1033_1_22.jpg,RHTBNM,7,no_overlapping_detection,0.0,0.0,13
195130788_K5980_F1A01-1033_1_21.jpg,RHTBNM,7,no_overlapping_detection,0.0,0.0,15
195141949_K6211_F1A01-1097_1_21.jpg,RHTBNL,8,no_overlapping_detection,0.0,0.0,-1
195141949_K6211_F1A01-1097_1_21.jpg,INSD,14,no_overlapping_detection,0.0,0.0,-1
195142076_K6214_F1A01-1099_1_22.jpg,RHTBNM,7,no_overlapping_detection,0.0,0.0,1
195142076_K6214_F1A01-1099_1_22.jpg,INSD,14,no_overlapping_detection,0.0,0.0,1
195142077_K6214_F1A01-1099_1_21.jpg,RHTBNL,8,no_overlapping_detection,0.0,0.0,13
195142077_K6214_F1A01-1099_1_21.jpg,INSD,14,no_overlapping_detection,0.0,0.0,13
195307340_K6564_F1A01-1209_1_22.jpg,RHTBNM,7,no_overlapping_detection,0.0,0.0,-1
195307340_K6564_F1A01-1209_1_22.jpg,INSD,14,no_overlapping_detection,0.0,0.0,-1
195307451_K6564_F1A01-1209_1_22.jpg,INSD,14,no_overlapping_detection,0.0,0.0,14
195316227_K6765_F1A01-1265_1_21.jpg,RHTBNM,7,no_overlapping_detection,0.0,0.0,13
195316227_K6765_F1A01-1265_1_21.jpg,INSD,14,no_overlapping_detection,0.0,0.0,13
195316227_K6765_F1A01-1265_1_21.jpg,INSD,14,no_overlapping_detection,0.0,0.0,13
195316227_K6765_F1A01-1265_1_22.jpg,RHTBNL,8,no_overlapping_detection,0.0,0.0,6
195316227_K6765_F1A01-1265_1_22.jpg,INSD,14,no_overlapping_detection,0.0,0.0,6
195316339_K6766_F1A01-1267_1_21.jpg,RHTBNL,8,no_overlapping_detection,0.0,0.0,13
195316339_K6766_F1A01-1267_1_21.jpg,INSD,14,no_overlapping_detection,0.0,0.0,13
195316339_K6766_F1A01-1267_1_22.jpg,INSD,14,no_overlapping_detection,0.02377376694081527,0.0,3
195333018_K7258_F1A01-1397_1_22.jpg,RHTBNM,7,no_overlapping_detection,0.0,0.0,13
195333018_K7258_F1A01-1397_1_22.jpg,INSD,14,no_overlapping_detection,0.0,0.0,13
195333019_K7258_F1A01-1397_1_21.jpg,INSD,14,no_overlapping_detection,0.0,0.0,11
195333019_K7258_F1A01-1397_1_21.jpg,INSD,14,no_overlapping_detection,0.0,0.0,11
195333135_K7263_F1A01-1403_1_22.jpg,INSD,14,no_overlapping_detection,0.0,0.0,-1
195333136_K7263_F1A01-1403_1_21.jpg,RHTBNM,7,no_overlapping_detection,0.0,0.0,13
195343848_K7484_F1A01-1465_1_22.jpg,INSD,14,no_overlapping_detection,0.0,0.0,13
195343848_K7484_F1A01-1465_1_22.jpg,RHTBNM,7,no_overlapping_detection,0.0,0.0,13
195343849_K7484_F1A01-1465_1_21.jpg,RHTBNL,8,no_overlapping_detection,0.0,0.0,13
195343975_K7487_F1A01-1467_1_22.jpg,INSD,14,no_overlapping_detection,0.0,0.0,14
195343975_K7487_F1A01-1467_1_22.jpg,RHTBNM,7,overlapped_by_wrong_class_or_location,0.18529591291461164,0.0,14
195343975_K7487_F1A01-1467_1_22.jpg,INSD,14,no_overlapping_detection,0.0,0.0,14
195343976_K7487_F1A01-1467_1_21.jpg,INSD,14,no_overlapping_detection,0.0,0.0,-1
195343976_K7487_F1A01-1467_1_21.jpg,INSD,14,no_overlapping_detection,0.0,0.0,-1
195936817_K13797_F1A02-591_1_22.jpg,INSD,14,overlapped_by_wrong_class_or_location,0.10730838227935877,0.0,12
195936817_K13797_F1A02-591_1_22.jpg,INSD,14,no_overlapping_detection,0.0,0.0,13
195936817_K13797_F1A02-591_1_22.jpg,INSD,14,no_overlapping_detection,0.0,0.0,13
195941703_K13971_F1A02-649_1_22.jpg,INSD,14,no_overlapping_detection,0.013553121443342473,0.0,12
195941703_K13971_F1A02-649_1_22.jpg,INSD,14,no_overlapping_detection,0.0,0.0,14
195943287_K14029_F1A02-677_1_22.jpg,INSD,14,no_overlapping_detection,0.0,0.0,13
195943287_K14029_F1A02-677_1_22.jpg,INSD,14,no_overlapping_detection,0.0,0.0,13
195943287_K14029_F1A02-677_1_22.jpg,RHTBNM,7,no_overlapping_detection,0.0,0.0,13
195943288_K14029_F1A02-677_1_21.jpg,INSD,14,no_overlapping_detection,0.0,0.0,13
195943288_K14029_F1A02-677_1_21.jpg,RHTBNM,7,no_overlapping_detection,0.0,0.0,13
195956933_K14523_F1A02-809_1_22.jpg,INSD,14,no_overlapping_detection,0.0,0.0,-1
195956934_K14523_F1A02-809_1_21.jpg,RHTBNL,8,no_overlapping_detection,0.0,0.0,-1
2.jpg,DRPS,15,no_overlapping_detection,0.0,0.0,-1
2.jpg,DRPS,15,no_overlapping_detection,0.0,0.0,-1
20.jpg,DRPS,15,no_overlapping_detection,0.0,0.0,13
20.jpg,DRPS,15,no_overlapping_detection,0.0,0.0,13
20.jpg,INSD,14,no_overlapping_detection,0.0,0.0,13
21.jpg,DRPS,15,no_overlapping_detection,0.0,0.0,15
21.jpg,DRPS,15,no_overlapping_detection,0.0,0.0,15
21.jpg,INSD,14,no_overlapping_detection,0.0,0.0,15
21.jpg,INSD,14,no_overlapping_detection,0.0,0.0,15
22.jpg,DRPS,15,no_overlapping_detection,0.0,0.0,13
22.jpg,DRPS,15,no_overlapping_detection,0.0,0.0,13
22.jpg,INSD,14,no_overlapping_detection,0.0,0.0,13
23.jpg,DRPS,15,no_overlapping_detection,0.0,0.0,14
23.jpg,INSD,14,no_overlapping_detection,0.0,0.0,14
23.jpg,INSD,14,no_overlapping_detection,0.0,0.0,14
23.jpg,DRPS,15,no_overlapping_detection,0.0,0.0,14
24.jpg,DRPS,15,no_overlapping_detection,0.0,0.0,15
24.jpg,INSD,14,no_overlapping_detection,0.0,0.0,15
25.jpg,DRPS,15,no_overlapping_detection,0.0,0.0,12
25.jpg,DRPS,15,no_overlapping_detection,0.0,0.0,12
25.jpg,INSD,14,no_overlapping_detection,0.0,0.0,12
25.jpg,INSD,14,no_overlapping_detection,0.0,0.0,12
26.jpg,DRPS,15,no_overlapping_detection,0.0,0.0,12
26.jpg,INSD,14,no_overlapping_detection,0.0,0.0,12
27.jpg,DRPS,15,no_overlapping_detection,0.0,0.0,3
27.jpg,DRPS,15,no_overlapping_detection,0.0,0.0,3
27.jpg,INSD,14,no_overlapping_detection,0.0,0.0,3
28.jpg,DRPS,15,no_overlapping_detection,0.0,0.0,13
28.jpg,INSD,14,no_overlapping_detection,0.0,0.0,13
29.jpg,INSD,14,no_overlapping_detection,0.0,0.0,13
29.jpg,DRPS,15,no_overlapping_detection,0.0,0.0,13
29.jpg,DRPS,15,no_overlapping_detection,0.0,0.0,13
3.jpg,DRPS,15,no_overlapping_detection,0.0,0.0,1
3.jpg,INSD,14,no_overlapping_detection,0.0,0.0,1
30.jpg,DRPS,15,no_overlapping_detection,0.0,0.0,13
30.jpg,DRPS,15,no_overlapping_detection,0.0,0.0,13
30.jpg,INSD,14,no_overlapping_detection,0.0,0.0,13
30.jpg,INSD,14,no_overlapping_detection,0.0,0.0,13
31.jpg,DRPS,15,no_overlapping_detection,0.0,0.0,14
31.jpg,DRPS,15,no_overlapping_detection,0.0,0.0,14
31.jpg,INSD,14,no_overlapping_detection,0.0,0.0,14
32.jpg,DRPS,15,no_overlapping_detection,0.0,0.0,13
32.jpg,INSD,14,no_overlapping_detection,0.0046710830071373935,0.0,1
33.jpg,DRPS,15,no_overlapping_detection,0.0,0.0,14
33.jpg,DRPS,15,no_overlapping_detection,0.0,0.0,14
33.jpg,INSD,14,no_overlapping_detection,0.0,0.0,14
34.jpg,DRPS,15,no_overlapping_detection,0.0,0.0,14
34.jpg,DRPS,15,no_overlapping_detection,0.0,0.0,14
34.jpg,INSD,14,no_overlapping_detection,0.0,0.0,14
34.jpg,INSD,14,no_overlapping_detection,0.0,0.0,14
35.jpg,DRPS,15,no_overlapping_detection,0.0,0.0,13
35.jpg,INSD,14,no_overlapping_detection,0.0,0.0,13
35.jpg,INSD,14,no_overlapping_detection,0.0,0.0,13
36.jpg,DRPS,15,no_overlapping_detection,0.0,0.0,14
36.jpg,INSD,14,no_overlapping_detection,0.0,0.0,14
37.jpg,DRPS,15,no_overlapping_detection,0.0,0.0,14
37.jpg,INSD,14,no_overlapping_detection,0.0,0.0,14
37.jpg,INSD,14,no_overlapping_detection,0.0,0.0,14
38.jpg,DRPS,15,no_overlapping_detection,0.0,0.0,14
38.jpg,INSD,14,no_overlapping_detection,0.0,0.0,14
38.jpg,INSD,14,no_overlapping_detection,0.0,0.0,14
39.jpg,DRPS,15,no_overlapping_detection,0.0,0.0,13
39.jpg,INSD,14,no_overlapping_detection,0.0,0.0,13
4.jpg,DRPS,15,no_overlapping_detection,0.0,0.0,3
4.jpg,INSD,14,no_overlapping_detection,0.0,0.0,3
40.jpg,DRPS,15,no_overlapping_detection,0.0,0.0,12
40.jpg,INSD,14,no_overlapping_detection,0.0,0.0,12
40.jpg,INSD,14,no_overlapping_detection,0.0,0.0,12
41.jpg,DRPS,15,no_overlapping_detection,0.0,0.0,14
41.jpg,DRPS,15,no_overlapping_detection,0.0,0.0,14
41.jpg,INSD,14,no_overlapping_detection,0.0,0.0,14
41.jpg,INSD,14,no_overlapping_detection,0.0,0.0,14
42.jpg,DRPS,15,no_overlapping_detection,0.0,0.0,15
42.jpg,INSD,14,no_overlapping_detection,0.0,0.0,15
42.jpg,INSD,14,no_overlapping_detection,0.0,0.0,15
43.jpg,DRPS,15,no_overlapping_detection,0.0,0.0,13
43.jpg,INSD,14,no_overlapping_detection,0.0,0.0,13
44.jpg,DRPS,15,no_overlapping_detection,0.0,0.0,13
44.jpg,DRPS,15,no_overlapping_detection,0.0,0.0,13
44.jpg,INSD,14,no_overlapping_detection,0.0,0.0,13
44.jpg,INSD,14,no_overlapping_detection,0.0,0.0,13
45.jpg,DRPS,15,no_overlapping_detection,0.0,0.0,13
45.jpg,INSD,14,no_overlapping_detection,0.0,0.0,13
45.jpg,INSD,14,no_overlapping_detection,0.0,0.0,13
46.jpg,DRPS,15,no_overlapping_detection,0.0,0.0,14
46.jpg,DRPS,15,no_overlapping_detection,0.0,0.0,14
46.jpg,INSD,14,no_overlapping_detection,0.0,0.0,14
47.jpg,DRPS,15,no_overlapping_detection,0.0,0.0,-1
47.jpg,DRPS,15,no_overlapping_detection,0.0,0.0,-1
48.jpg,DRPS,15,no_overlapping_detection,0.0,0.0,13
48.jpg,DRPS,15,no_overlapping_detection,0.0,0.0,13
48.jpg,INSD,14,no_overlapping_detection,0.0,0.0,13
49.jpg,DRPS,15,no_overlapping_detection,0.0,0.0,13
5.jpg,DRPS,15,no_overlapping_detection,0.0,0.0,14
5.jpg,INSD,14,no_overlapping_detection,0.0,0.0,14
6.jpg,DRPS,15,no_overlapping_detection,0.0,0.0,14
6.jpg,INSD,14,no_overlapping_detection,0.0,0.0,14
6.jpg,INSD,14,no_overlapping_detection,0.0,0.0,14
7.jpg,DRPS,15,no_overlapping_detection,0.0,0.0,-1
7.jpg,INSD,14,no_overlapping_detection,0.0,0.0,-1
8.jpg,DRPS,15,no_overlapping_detection,0.0,0.0,14
8.jpg,INSD,14,no_overlapping_detection,0.0,0.0,14
8.jpg,INSD,14,no_overlapping_detection,0.0,0.0,14
9.jpg,DRPS,15,no_overlapping_detection,0.0,0.0,12
9.jpg,DRPS,15,no_overlapping_detection,0.0,0.0,12
9.jpg,INSD,14,no_overlapping_detection,0.0,0.0,12
9.jpg,INSD,14,no_overlapping_detection,0.0,0.0,12
