image,fold,segment,kpost
101738847_K45791_F1B04-600_1_21.jpg,0,F1B04,45791
101739882_K45752_F1B04-598_1_21.jpg,0,F1B04,45752
101740959_K45712_F1B04-596_1_21.jpg,0,F1B04,45712
101741984_K45671_F1B04-594_1_21.jpg,0,F1B04,45671
101743097_K45633_F1B04-592_1_21.jpg,0,F1B04,45633
101744188_K45591_F1B04-590_1_21.jpg,0,F1B04,45591
101745313_K45552_F1B04-588_1_21.jpg,0,F1B04,45552
101746409_K45511_F1B04-586_1_21.jpg,0,F1B04,45511
101747520_K45471_F1B04-584_1_21.jpg,0,F1B04,45471
101748650_K45431_F1B04-582_1_21.jpg,0,F1B04,45431
101749578_K45392_F1B04-580_1_21.jpg,0,F1B04,45392
101750467_K45357_F1B04-576a_1_21.jpg,0,F1B04,45357
101751403_K45325_F1B04-574a_1_21.jpg,0,F1B04,45325
101752397_K45296_F1B04-574_1_21.jpg,0,F1B04,45296
101753624_K45260_F1B04-572_1_21.jpg,0,F1B04,45260
101754849_K45219_F1B04-570_1_21.jpg,0,F1B04,45219
101756076_K45180_F1B04-568_1_21.jpg,0,F1B04,45180
101757382_K45141_F1B04-566_1_21.jpg,0,F1B04,45141
101758791_K45101_F1B04-564_1_21.jpg,0,F1B04,45101
101800213_K45060_F1B04-562_1_21.jpg,0,F1B04,45060
101801521_K45021_F1B04-560_1_21.jpg,0,F1B04,45021
101802838_K44986_F1B04-558_1_21.jpg,0,F1B04,44986
101804152_K44950_F1B04-556_1_21.jpg,0,F1B04,44950
101805480_K44915_F1B04-554_1_21.jpg,0,F1B04,44915
101806836_K44878_F1B04-550a_1_21.jpg,0,F1B04,44878
101811980_K44742_F1B04-544_1_21.jpg,0,F1B04,44742
101813411_K44706_F1B04-542_1_22.jpg,0,F1B04,44706
101813413_K44706_F1B04-542_1_21.jpg,0,F1B04,44706
101814715_K44668_F1B04-540_1_21.jpg,0,F1B04,44668
101815823_K44632_F1B04-538_1_21.jpg,0,F1B04,44632
101817058_K44568_F1B04-534_1_21.jpg,0,F1B04,44568
101818205_K44566_F1B04-532a_1_21.jpg,0,F1B04,44566
101819557_K44533_F1B04-532_1_21.jpg,0,F1B04,44533
101820848_K44492_F1B04-530_1_21.jpg,0,F1B04,44492
101822106_K44453_F1B04-528_1_21.jpg,0,F1B04,44453
101823350_K44413_F1B04-526_1_21.jpg,0,F1B04,44413
101824554_K44373_F1B04-524_1_21.jpg,0,F1B04,44373
101825777_K44333_F1B04-522_1_21.jpg,0,F1B04,44333
101826982_K44292_F1B04-520_1_21.jpg,0,F1B04,44292
101828079_K44251_F1B04-518_1_21.jpg,0,F1B04,44251
101829200_K44212_F1B04-516_1_21.jpg,0,F1B04,44212
101831463_K44133_F1B04-512_1_21.jpg,0,F1B04,44133
101832522_K44091_F1B04-510_1_21.jpg,0,F1B04,44091
101833610_K44052_F1B04-508_1_21.jpg,0,F1B04,44052
101834706_K44012_F1B04-506_1_21.jpg,0,F1B04,44012
101835776_K43972_F1B04-504_1_21.jpg,0,F1B04,43972
101836892_K43933_F1B04-502_1_21.jpg,0,F1B04,43933
101837965_K43891_F1B04-500_1_21.jpg,0,F1B04,43891
101839039_K43852_F1B04-498_1_21.jpg,0,F1B04,43852
101840124_K43812_F1B04-496_1_21.jpg,0,F1B04,43812
101841242_K43772_F1B04-494_1_21.jpg,0,F1B04,43772
101842321_K43731_F1B04-492_1_21.jpg,0,F1B04,43731
101843371_K43691_F1B04-490_1_21.jpg,0,F1B04,43691
101844264_K43652_F1B04-488_1_21.jpg,0,F1B04,43652
101845165_K43618_F1B04-484a_1_22.jpg,0,F1B04,43618
101845167_K43618_F1B04-484a_1_21.jpg,0,F1B04,43618
101845983_K43588_F1B04-484_1_21.jpg,0,F1B04,43588
101846957_K43556_F1B04-482_1_22.jpg,0,F1B04,43556
101846959_K43556_F1B04-482_1_21.jpg,0,F1B04,43556
101848099_K43520_F1B04-480_1_21.jpg,0,F1B04,43520
101850060_K43445_F1B04-476_1_21.jpg,0,F1B04,43445
101851060_K43409_F1B04-474_1_21.jpg,0,F1B04,43409
101852180_K43374_F1B04-472_1_21.jpg,0,F1B04,43374
101854513_K43296_F1B04-468_1_21.jpg,0,F1B04,43296
101855576_K43257_F1B04-466_1_21.jpg,0,F1B04,43257
102136760_K37386_F1B04-158_1_21.jpg,0,F1B04,37386
102139839_K37151_F1B04-146_1_21.jpg,0,F1B04,37151
102141032_K37107_F1B04-144_1_21.jpg,0,F1B04,37107
102142242_K37107_F1B04-144_1_21.jpg,0,F1B04,37107
102143329_K37061_F1B04-142_1_21.jpg,0,F1B04,37061
102144565_K37021_F1B04-140_1_21.jpg,0,F1B04,37021
102145824_K36976_F1B04-138_1_21.jpg,0,F1B04,36976
102147116_K36931_F1B04-136_1_21.jpg,0,F1B04,36931
102148448_K36886_F1B04-134_1_21.jpg,0,F1B04,36886
102149823_K36843_F1B04-132_1_21.jpg,0,F1B04,36843
102151085_K36796_F1B04-130_1_21.jpg,0,F1B04,36796
102152561_K36756_F1B04-128_1_21.jpg,0,F1B04,36756
102154085_K36711_F1B04-126_1_21.jpg,0,F1B04,36711
102155711_K36666_F1B04-124_1_21.jpg,0,F1B04,36666
102157406_K36621_F1B04-122_1_21.jpg,0,F1B04,36621
102159151_K36580_F1B04-120_1_21.jpg,0,F1B04,36580
102202043_K36499_F1B04-116_1_21.jpg,0,F1B04,36499
102210404_K36332_F1B04-106_1_21.jpg,0,F1B04,36332
102215265_K36263_F1B04-100_1_21.jpg,0,F1B04,36263
102217181_K36236_F1B04-098_1_21.jpg,0,F1B04,36236
102219624_K36201_F1B04-096_1_21.jpg,0,F1B04,36201
102222766_K36167_F1B04-094_1_21.jpg,0,F1B04,36167
102425487_K35897_F1B04-080_1_21.jpg,0,F1B04,35897
102428169_K35856_F1B04-078_1_21.jpg,0,F1B04,35856
102430449_K35814_F1B04-076_1_21.jpg,0,F1B04,35814
102432640_K35771_F1B04-074_1_21.jpg,0,F1B04,35771
102434844_K35726_F1B04-072_1_21.jpg,0,F1B04,35726
102437078_K35681_F1B04-070_1_21.jpg,0,F1B04,35681
102439200_K35636_F1B04-068_1_21.jpg,0,F1B04,35636
102440626_K35606_F1B04-066_1_21.jpg,0,F1B04,35606
102441869_K35581_F1B04-064_1_21.jpg,0,F1B04,35581
102444924_K35515_F1B04-060_1_21.jpg,0,F1B04,35515
102446501_K35480_F1B04-058_1_21.jpg,0,F1B04,35480
102448161_K35440_F1B04-056_1_21.jpg,0,F1B04,35440
102451264_K35360_F1B04-052_1_21.jpg,0,F1B04,35360
102452762_K35320_F1B04-050_1_21.jpg,0,F1B04,35320
102454252_K35280_F1B04-048_1_21.jpg,0,F1B04,35280
102455644_K35240_F1B04-046_1_21.jpg,0,F1B04,35240
102457167_K35195_F1B04-044_1_21.jpg,0,F1B04,35195
102458685_K35150_F1B04-042_1_21.jpg,0,F1B04,35150
102500130_K35105_F1B04-040_1_21.jpg,0,F1B04,35105
102501588_K35060_F1B04-038_1_21.jpg,0,F1B04,35060
102502978_K35015_F1B04-036_1_21.jpg,0,F1B04,35015
102504351_K34970_F1B04-034_1_21.jpg,0,F1B04,34970
102505713_K34925_F1B04-032_1_21.jpg,0,F1B04,34925
102507045_K34880_F1B04-030_1_21.jpg,0,F1B04,34880
102508372_K34835_F1B04-028_1_21.jpg,0,F1B04,34835
102509637_K34790_F1B04-026_1_21.jpg,0,F1B04,34790
102510929_K34745_F1B04-024_1_21.jpg,0,F1B04,34745
102512168_K34700_F1B04-022_1_21.jpg,0,F1B04,34700
102513402_K34655_F1B04-020_1_21.jpg,0,F1B04,34655
102514656_K34610_F1B04-018_1_21.jpg,0,F1B04,34610
102515765_K34569_F1B04-016_1_21.jpg,0,F1B04,34569
102517029_K34524_F1B04-014_1_21.jpg,0,F1B04,34524
102518298_K34478_F1B04-012_1_21.jpg,0,F1B04,34478
102519456_K34436_F1B04-010_1_21.jpg,0,F1B04,34436
102520714_K34391_F1B04-008_1_21.jpg,0,F1B04,34391
102521928_K34389_F1B04-006b_1_21.jpg,0,F1B04,34389
102523136_K34347_F1B04-006_1_21.jpg,0,F1B04,34347
102524270_K34345_F1B04-004a_1_21.jpg,0,F1B04,34345
190629341_K45791_F1B04-600_1_21.jpg,0,F1B04,45791
190630719_K45752_F1B04-598_1_21.jpg,0,F1B04,45752
190633518_K45671_F1B04-594_1_21.jpg,0,F1B04,45671
190634993_K45633_F1B04-592_1_21.jpg,0,F1B04,45633
190656092_K45101_F1B04-564_1_21.jpg,0,F1B04,45101
190703697_K44915_F1B04-554_1_21.jpg,0,F1B04,44915
190705230_K44878_F1B04-550a_1_21.jpg,0,F1B04,44878
190708219_K44809_F1B04-548_1_21.jpg,0,F1B04,44809
190713832_K44668_F1B04-540_1_21.jpg,0,F1B04,44668
190714973_K44630_F1B04-536a_1_21.jpg,0,F1B04,44630
190716222_K44568_F1B04-534_1_21.jpg,0,F1B04,44568
190718767_K44533_F1B04-532_1_21.jpg,0,F1B04,44533
190720068_K44492_F1B04-530_1_21.jpg,0,F1B04,44492
190721348_K44453_F1B04-528_1_21.jpg,0,F1B04,44453
190722599_K44413_F1B04-526_1_21.jpg,0,F1B04,44413
190723821_K44373_F1B04-524_1_21.jpg,0,F1B04,44373
190725049_K44333_F1B04-522_1_21.jpg,0,F1B04,44333
190732924_K44052_F1B04-508_1_21.jpg,0,F1B04,44052
190742689_K43691_F1B04-490_1_21.jpg,0,F1B04,43691
190743576_K43652_F1B04-488_1_21.jpg,0,F1B04,43652
190744485_K43618_F1B04-484a_1_21.jpg,0,F1B04,43618
101031896_K53481_F1B04-1018_1_21.jpg,1,F1B04,53481
101033246_K53441_F1B04-1016_1_21.jpg,1,F1B04,53441
101127809_K51829_F1B04-934_1_21.jpg,1,F1B04,51829
101129158_K51789_F1B04-932_1_21.jpg,1,F1B04,51789
101130469_K51750_F1B04-930_1_21.jpg,1,F1B04,51750
101131852_K51711_F1B04-928_1_21.jpg,1,F1B04,51711
101133002_K51670_F1B04-926_1_21.jpg,1,F1B04,51670
101134993_K51577_F1B04-920_1_21.jpg,1,F1B04,51577
101136161_K51575_F1B04-918a_1_21.jpg,1,F1B04,51575
101137467_K51539_F1B04-918_1_21.jpg,1,F1B04,51539
101138834_K51499_F1B04-916_1_21.jpg,1,F1B04,51499
101140208_K51459_F1B04-914_1_21.jpg,1,F1B04,51459
101141617_K51419_F1B04-912_1_21.jpg,1,F1B04,51419
101143128_K51379_F1B04-910_1_21.jpg,1,F1B04,51379
101144725_K51339_F1B04-908_1_21.jpg,1,F1B04,51339
101146409_K51299_F1B04-906_1_21.jpg,1,F1B04,51299
101148227_K51259_F1B04-904_1_21.jpg,1,F1B04,51259
101150169_K51219_F1B04-902_1_21.jpg,1,F1B04,51219
101152001_K51178_F1B04-900_1_21.jpg,1,F1B04,51178
101153920_K51140_F1B04-898_1_21.jpg,1,F1B04,51140
101201456_K50969_F1B04-888_1_21.jpg,1,F1B04,50969
101202863_K50939_F1B04-886_1_21.jpg,1,F1B04,50939
101204260_K50909_F1B04-884_1_21.jpg,1,F1B04,50909
101205677_K50879_F1B04-882_1_21.jpg,1,F1B04,50879
101207084_K50849_F1B04-880_1_21.jpg,1,F1B04,50849
101208490_K50819_F1B04-878_1_21.jpg,1,F1B04,50819
101209888_K50789_F1B04-876_1_21.jpg,1,F1B04,50789
101211295_K50759_F1B04-874_1_21.jpg,1,F1B04,50759
101212702_K50729_F1B04-872_1_21.jpg,1,F1B04,50729
101214108_K50699_F1B04-870_1_21.jpg,1,F1B04,50699
101215516_K50669_F1B04-868_1_21.jpg,1,F1B04,50669
101216913_K50639_F1B04-866_1_21.jpg,1,F1B04,50639
101218329_K50609_F1B04-864_1_21.jpg,1,F1B04,50609
101219727_K50579_F1B04-862_1_21.jpg,1,F1B04,50579
101221134_K50549_F1B04-860_1_21.jpg,1,F1B04,50549
101222538_K50519_F1B04-858_1_21.jpg,1,F1B04,50519
101223935_K50489_F1B04-856_1_21.jpg,1,F1B04,50489
101225351_K50459_F1B04-854_1_21.jpg,1,F1B04,50459
101226746_K50429_F1B04-852_1_21.jpg,1,F1B04,50429
101228155_K50399_F1B04-850_1_21.jpg,1,F1B04,50399
101229565_K50369_F1B04-848_1_21.jpg,1,F1B04,50369
101234047_K50276_F1B04-840a_1_21.jpg,1,F1B04,50276
101235984_K50250_F1B04-840_1_21.jpg,1,F1B04,50250
101237980_K50213_F1B04-838_1_21.jpg,1,F1B04,50213
101239847_K50172_F1B04-836_1_21.jpg,1,F1B04,50172
101241248_K50135_F1B04-834_1_21.jpg,1,F1B04,50135
101242889_K50107_F1B04-832_1_21.jpg,1,F1B04,50107
101244569_K50075_F1B04-830_1_21.jpg,1,F1B04,50075
101246217_K50042_F1B04-828_1_21.jpg,1,F1B04,50042
101246217_K50042_F1B04-828_1_22.jpg,1,F1B04,50042
101247878_K50009_F1B04-826_1_21.jpg,1,F1B04,50009
101249635_K49977_F1B04-824_1_21.jpg,1,F1B04,49977
101251572_K49943_F1B04-822_1_21.jpg,1,F1B04,49943
101253501_K49909_F1B04-820_1_21.jpg,1,F1B04,49909
101255888_K49877_F1B04-818_1_21.jpg,1,F1B04,49877
101258745_K49841_F1B04-816_1_21.jpg,1,F1B04,49841
101301757_K49804_F1B04-814_1_21.jpg,1,F1B04,49804
101305603_K49802_F1B04-812a_1_21.jpg,1,F1B04,49802
101406217_K49741_F1B04-810_1_21.jpg,1,F1B04,49741
101410786_K49711_F1B04-808_1_21.jpg,1,F1B04,49711
101413823_K49679_F1B04-806_1_21.jpg,1,F1B04,49679
101415958_K49644_F1B04-804_1_21.jpg,1,F1B04,49644
101417878_K49612_F1B04-802_1_21.jpg,1,F1B04,49612
101419743_K49580_F1B04-800_1_21.jpg,1,F1B04,49580
101421471_K49545_F1B04-798_1_21.jpg,1,F1B04,49545
101423253_K49510_F1B04-796_1_22.jpg,1,F1B04,49510
101423254_K49510_F1B04-796_1_21.jpg,1,F1B04,49510
101425000_K49472_F1B04-794_1_21.jpg,1,F1B04,49472
101426501_K49431_F1B04-792_1_21.jpg,1,F1B04,49431
101427695_K49395_F1B04-790_1_21.jpg,1,F1B04,49395
101428933_K49335_F1B04-786_1_21.jpg,1,F1B04,49335
101430220_K49333_F1B04-784a_1_21.jpg,1,F1B04,49333
101431273_K49298_F1B04-784_1_21.jpg,1,F1B04,49298
101432387_K49268_F1B04-782_1_21.jpg,1,F1B04,49268
101433567_K49237_F1B04-780_1_21.jpg,1,F1B04,49237
101434753_K49202_F1B04-778_1_21.jpg,1,F1B04,49202
101436049_K49167_F1B04-776_1_21.jpg,1,F1B04,49167
101437328_K49127_F1B04-774_1_21.jpg,1,F1B04,49127
101438558_K49087_F1B04-772_1_21.jpg,1,F1B04,49087
101439751_K49047_F1B04-770_1_21.jpg,1,F1B04,49047
101440998_K49008_F1B04-768_1_21.jpg,1,F1B04,49008
101442137_K48967_F1B04-766_1_21.jpg,1,F1B04,48967
101443382_K48927_F1B04-764_1_21.jpg,1,F1B04,48927
101444590_K48887_F1B04-762_1_21.jpg,1,F1B04,48887
101445900_K48847_F1B04-760_1_21.jpg,1,F1B04,48847
101447220_K48806_F1B04-758_1_21.jpg,1,F1B04,48806
101448531_K48765_F1B04-756_1_21.jpg,1,F1B04,48765
101449927_K48726_F1B04-754_1_21.jpg,1,F1B04,48726
101451440_K48687_F1B04-752_1_21.jpg,1,F1B04,48687
101453011_K48646_F1B04-750_1_21.jpg,1,F1B04,48646
101454669_K48606_F1B04-748_1_21.jpg,1,F1B04,48606
101456560_K48567_F1B04-746_1_21.jpg,1,F1B04,48567
101458197_K48525_F1B04-744_1_21.jpg,1,F1B04,48525
101459743_K48492_F1B04-742_1_21.jpg,1,F1B04,48492
101501543_K48432_F1B04-738_1_21.jpg,1,F1B04,48432
101503703_K48430_F1B04-736a_1_21.jpg,1,F1B04,48430
101506546_K48395_F1B04-736_1_21.jpg,1,F1B04,48395
101509990_K48355_F1B04-734_1_22.jpg,1,F1B04,48355
101514388_K48315_F1B04-732_1_21.jpg,1,F1B04,48315
101618970_K48277_F1B04-730_1_21.jpg,1,F1B04,48277
101624226_K48245_F1B04-728_1_21.jpg,1,F1B04,48245
101627200_K48203_F1B04-726_1_21.jpg,1,F1B04,48203
101629644_K48165_F1B04-724_1_21.jpg,1,F1B04,48165
101631880_K48126_F1B04-722_1_21.jpg,1,F1B04,48126
101633564_K48086_F1B04-720_1_21.jpg,1,F1B04,48086
101634915_K48051_F1B04-718_1_21.jpg,1,F1B04,48051
101636323_K48019_F1B04-714a_1_21.jpg,1,F1B04,48019
101637975_K47989_F1B04-714_1_21.jpg,1,F1B04,47989
101640962_K47907_F1B04-710_1_21.jpg,1,F1B04,47907
101701131_K47227_F1B04-676_1_21.jpg,1,F1B04,47227
101717243_K46615_F1B04-642_1_21.jpg,1,F1B04,46615
101718153_K46580_F1B04-640_1_21.jpg,1,F1B04,46580
101719058_K46545_F1B04-638_1_21.jpg,1,F1B04,46545
101720094_K46511_F1B04-636_1_21.jpg,1,F1B04,46511
101721182_K46471_F1B04-634_1_21.jpg,1,F1B04,46471
101722237_K46430_F1B04-632_1_21.jpg,1,F1B04,46430
101723269_K46389_F1B04-630_1_21.jpg,1,F1B04,46389
101724285_K46350_F1B04-628_1_21.jpg,1,F1B04,46350
101725389_K46311_F1B04-626_1_21.jpg,1,F1B04,46311
101726404_K46268_F1B04-624_1_21.jpg,1,F1B04,46268
101727435_K46229_F1B04-622_1_21.jpg,1,F1B04,46229
101728497_K46190_F1B04-620_1_21.jpg,1,F1B04,46190
101729537_K46149_F1B04-618_1_21.jpg,1,F1B04,46149
101730583_K46109_F1B04-616_1_21.jpg,1,F1B04,46109
101731607_K46069_F1B04-614_1_21.jpg,1,F1B04,46069
101732642_K46030_F1B04-612_1_21.jpg,1,F1B04,46030
101733684_K45990_F1B04-610_1_21.jpg,1,F1B04,45990
101734719_K45950_F1B04-608_1_21.jpg,1,F1B04,45950
101735750_K45910_F1B04-606_1_21.jpg,1,F1B04,45910
101736780_K45871_F1B04-604_1_21.jpg,1,F1B04,45871
101737815_K45831_F1B04-602_1_21.jpg,1,F1B04,45831
190541484_K47307_F1B04-680_1_21.jpg,1,F1B04,47307
190542729_K47267_F1B04-678_1_21.jpg,1,F1B04,47267
190543923_K47227_F1B04-676_1_21.jpg,1,F1B04,47227
190545225_K47188_F1B04-674_1_21.jpg,1,F1B04,47188
190546438_K47146_F1B04-672_1_21.jpg,1,F1B04,47146
190547660_K47106_F1B04-670_1_21.jpg,1,F1B04,47106
190550154_K47027_F1B04-666_1_21.jpg,1,F1B04,47027
190551382_K46987_F1B04-664_1_21.jpg,1,F1B04,46987
190610264_K46389_F1B04-630_1_21.jpg,1,F1B04,46389
190623960_K45950_F1B04-608_1_21.jpg,1,F1B04,45950
190625283_K45910_F1B04-606_1_21.jpg,1,F1B04,45910
190626626_K45871_F1B04-604_1_21.jpg,1,F1B04,45871
190627978_K45831_F1B04-602_1_21.jpg,1,F1B04,45831
102525395_K34259_F1B03-558a_1_21.jpg,2,F1B03,34259
102526554_K34221_F1B03-558_1_21.jpg,2,F1B03,34221
102527680_K34181_F1B03-556_1_21.jpg,2,F1B03,34181
102529006_K34179_F1B03-554a_1_21.jpg,2,F1B03,34179
102530190_K34141_F1B03-554_1_21.jpg,2,F1B03,34141
102531517_K34092_F1B03-550a_1_21.jpg,2,F1B03,34092
102532850_K34053_F1B03-550_1_21.jpg,2,F1B03,34053
102534092_K34006_F1B03-548_1_21.jpg,2,F1B03,34006
102535197_K33961_F1B03-546_1_21.jpg,2,F1B03,33961
102542885_K33678_F1B03-532_1_21.jpg,2,F1B03,33678
102557200_K33148_F1B03-504_1_21.jpg,2,F1B03,33148
102558267_K33108_F1B03-502_1_21.jpg,2,F1B03,33108
102559345_K33068_F1B03-500_1_21.jpg,2,F1B03,33068
102600413_K33028_F1B03-498_1_21.jpg,2,F1B03,33028
102601483_K32988_F1B03-496_1_21.jpg,2,F1B03,32988
102602637_K32948_F1B03-494_1_21.jpg,2,F1B03,32948
102603705_K32908_F1B03-492_1_21.jpg,2,F1B03,32908
102604782_K32867_F1B03-490_1_21.jpg,2,F1B03,32867
102605816_K32826_F1B03-488_1_21.jpg,2,F1B03,32826
102606888_K32786_F1B03-486_1_21.jpg,2,F1B03,32786
102607993_K32746_F1B03-484_1_21.jpg,2,F1B03,32746
102609109_K32704_F1B03-482_1_21.jpg,2,F1B03,32704
102611230_K32621_F1B03-478_1_21.jpg,2,F1B03,32621
102612319_K32580_F1B03-476_1_21.jpg,2,F1B03,32580
102613390_K32540_F1B03-474_1_21.jpg,2,F1B03,32540
102614461_K32500_F1B03-472_1_21.jpg,2,F1B03,32500
102615553_K32460_F1B03-470_1_21.jpg,2,F1B03,32460
102616647_K32420_F1B03-468_1_21.jpg,2,F1B03,32420
102617718_K32380_F1B03-466_1_21.jpg,2,F1B03,32380
102618767_K32340_F1B03-464_1_21.jpg,2,F1B03,32340
102619873_K32300_F1B03-462_1_21.jpg,2,F1B03,32300
102620973_K32260_F1B03-460_1_21.jpg,2,F1B03,32260
102622044_K32220_F1B03-458_1_21.jpg,2,F1B03,32220
102623113_K32180_F1B03-456_1_21.jpg,2,F1B03,32180
102624135_K32140_F1B03-454_1_21.jpg,2,F1B03,32140
102625250_K32100_F1B03-452_1_21.jpg,2,F1B03,32100
102626370_K32060_F1B03-450_1_21.jpg,2,F1B03,32060
102627421_K32020_F1B03-448_1_21.jpg,2,F1B03,32020
102628493_K31980_F1B03-446_1_21.jpg,2,F1B03,31980
102629588_K31940_F1B03-444_1_21.jpg,2,F1B03,31940
102630572_K31900_F1B03-442_1_21.jpg,2,F1B03,31900
102631744_K31861_F1B03-440_1_21.jpg,2,F1B03,31861
102632850_K31824_F1B03-438_1_21.jpg,2,F1B03,31824
102633874_K31781_F1B03-436_1_21.jpg,2,F1B03,31781
102634974_K31741_F1B03-434_1_21.jpg,2,F1B03,31741
102635986_K31700_F1B03-432_1_21.jpg,2,F1B03,31700
102637130_K31622_F1B03-428_1_21.jpg,2,F1B03,31622
102638203_K31620_F1B03-426a_1_21.jpg,2,F1B03,31620
102640403_K31538_F1B03-424_1_21.jpg,2,F1B03,31538
102641519_K31498_F1B03-422_1_21.jpg,2,F1B03,31498
102642556_K31458_F1B03-420_1_21.jpg,2,F1B03,31458
102643638_K31418_F1B03-418_1_21.jpg,2,F1B03,31418
102644782_K31378_F1B03-416_1_21.jpg,2,F1B03,31378
102645767_K31338_F1B03-414_1_21.jpg,2,F1B03,31338
102646890_K31298_F1B03-412_1_21.jpg,2,F1B03,31298
102647995_K31259_F1B03-410_1_21.jpg,2,F1B03,31259
102649068_K31219_F1B03-408_1_21.jpg,2,F1B03,31219
102650167_K31179_F1B03-406_1_21.jpg,2,F1B03,31179
102651176_K31139_F1B03-404_1_21.jpg,2,F1B03,31139
102652265_K31100_F1B03-402_1_21.jpg,2,F1B03,31100
102653337_K31062_F1B03-400_1_21.jpg,2,F1B03,31062
102654475_K31022_F1B03-398_1_21.jpg,2,F1B03,31022
102655548_K30982_F1B03-396_1_21.jpg,2,F1B03,30982
102656599_K30941_F1B03-394_1_21.jpg,2,F1B03,30941
102657694_K30900_F1B03-392_1_21.jpg,2,F1B03,30900
102658809_K30860_F1B03-390_1_21.jpg,2,F1B03,30860
102659845_K30820_F1B03-388_1_21.jpg,2,F1B03,30820
102700917_K30780_F1B03-386_1_21.jpg,2,F1B03,30780
102702023_K30740_F1B03-384_1_21.jpg,2,F1B03,30740
102703107_K30700_F1B03-382_1_21.jpg,2,F1B03,30700
102704184_K30660_F1B03-380_1_21.jpg,2,F1B03,30660
102705289_K30620_F1B03-378_1_21.jpg,2,F1B03,30620
102706302_K30580_F1B03-376_1_21.jpg,2,F1B03,30580
102707342_K30538_F1B03-372a_1_21.jpg,2,F1B03,30538
102708316_K30502_F1B03-372_1_21.jpg,2,F1B03,30502
102709203_K30464_F1B03-370_1_21.jpg,2,F1B03,30464
102710166_K30428_F1B03-368_1_21.jpg,2,F1B03,30428
102711108_K30394_F1B03-366_1_21.jpg,2,F1B03,30394
102712077_K30359_F1B03-364_1_21.jpg,2,F1B03,30359
102713035_K30324_F1B03-362_1_21.jpg,2,F1B03,30324
102713813_K30289_F1B03-360_1_21.jpg,2,F1B03,30289
102714651_K30256_F1B03-358_1_21.jpg,2,F1B03,30256
102715428_K30224_F1B03-356_1_21.jpg,2,F1B03,30224
102716253_K30194_F1B03-354_1_21.jpg,2,F1B03,30194
102717214_K30164_F1B03-352_1_21.jpg,2,F1B03,30164
102718141_K30134_F1B03-350_1_21.jpg,2,F1B03,30134
102719093_K30099_F1B03-348_1_21.jpg,2,F1B03,30099
102720056_K30064_F1B03-346_1_21.jpg,2,F1B03,30064
102720961_K30029_F1B03-344_1_21.jpg,2,F1B03,30029
102721924_K29994_F1B03-342_1_21.jpg,2,F1B03,29994
102722837_K29959_F1B03-340_1_21.jpg,2,F1B03,29959
102723743_K29924_F1B03-338_1_21.jpg,2,F1B03,29924
102724824_K29889_F1B03-336_1_21.jpg,2,F1B03,29889
102725871_K29854_F1B03-334_1_21.jpg,2,F1B03,29854
102726886_K29814_F1B03-332_1_21.jpg,2,F1B03,29814
102728016_K29774_F1B03-330_1_21.jpg,2,F1B03,29774
102728980_K29734_F1B03-328_1_21.jpg,2,F1B03,29734
102730026_K29693_F1B03-326_1_21.jpg,2,F1B03,29693
102731133_K29615_F1B03-322_1_21.jpg,2,F1B03,29615
102732253_K29573_F1B03-320_1_21.jpg,2,F1B03,29573
102733241_K29571_F1B03-318a_1_21.jpg,2,F1B03,29571
102734268_K29529_F1B03-316a_1_21.jpg,2,F1B03,29529
102735341_K29493_F1B03-316_1_21.jpg,2,F1B03,29493
102736416_K29453_F1B03-314_1_21.jpg,2,F1B03,29453
102737396_K29413_F1B03-312_1_21.jpg,2,F1B03,29413
102738504_K29374_F1B03-310_1_21.jpg,2,F1B03,29374
102739548_K29335_F1B03-308_1_21.jpg,2,F1B03,29335
102740591_K29295_F1B03-306_1_21.jpg,2,F1B03,29295
102741690_K29255_F1B03-304_1_21.jpg,2,F1B03,29255
102742705_K29215_F1B03-302_1_21.jpg,2,F1B03,29215
102743722_K29175_F1B03-300_1_21.jpg,2,F1B03,29175
102744852_K29135_F1B03-298_1_21.jpg,2,F1B03,29135
102745897_K29095_F1B03-296_1_21.jpg,2,F1B03,29095
102746924_K29054_F1B03-294_1_21.jpg,2,F1B03,29054
102747963_K29013_F1B03-292_1_21.jpg,2,F1B03,29013
102748864_K28973_F1B03-290_1_21.jpg,2,F1B03,28973
102749846_K28935_F1B03-288_1_21.jpg,2,F1B03,28935
102750768_K28898_F1B03-286_1_21.jpg,2,F1B03,28898
102751628_K28861_F1B03-284_1_21.jpg,2,F1B03,28861
102752511_K28827_F1B03-282_1_21.jpg,2,F1B03,28827
102753302_K28793_F1B03-280_1_21.jpg,2,F1B03,28793
102754091_K28761_F1B03-278_1_21.jpg,2,F1B03,28761
102755142_K28730_F1B03-276_1_21.jpg,2,F1B03,28730
102756142_K28700_F1B03-274_1_21.jpg,2,F1B03,28700
102757182_K28661_F1B03-272_1_21.jpg,2,F1B03,28661
102758085_K28622_F1B03-270_1_21.jpg,2,F1B03,28622
102759144_K28584_F1B03-268_1_21.jpg,2,F1B03,28584
102800196_K28547_F1B03-266_1_21.jpg,2,F1B03,28547
102800980_K28507_F1B03-264_1_21.jpg,2,F1B03,28507
102801865_K28470_F1B03-262_1_21.jpg,2,F1B03,28470
102802784_K28437_F1B03-260_1_21.jpg,2,F1B03,28437
102803876_K28365_F1B03-256_1_21.jpg,2,F1B03,28365
102804910_K28363_F1B03-254a_1_21.jpg,2,F1B03,28363
102805971_K28322_F1B03-252a_1_21.jpg,2,F1B03,28322
102807001_K28284_F1B03-252_1_21.jpg,2,F1B03,28284
102808059_K28244_F1B03-250_1_21.jpg,2,F1B03,28244
102809128_K28204_F1B03-248_1_21.jpg,2,F1B03,28204
102810197_K28164_F1B03-246_1_21.jpg,2,F1B03,28164
102811234_K28124_F1B03-244_1_21.jpg,2,F1B03,28124
102812309_K28084_F1B03-242_1_21.jpg,2,F1B03,28084
102813324_K28044_F1B03-240_1_21.jpg,2,F1B03,28044
102814414_K28004_F1B03-238_1_21.jpg,2,F1B03,28004
102815494_K27964_F1B03-236_1_21.jpg,2,F1B03,27964
102816539_K27924_F1B03-234_1_21.jpg,2,F1B03,27924
102817548_K27884_F1B03-232_1_21.jpg,2,F1B03,27884
102818641_K27844_F1B03-230_1_21.jpg,2,F1B03,27844
102819699_K27804_F1B03-228_1_21.jpg,2,F1B03,27804
102820598_K27764_F1B03-226_1_21.jpg,2,F1B03,27764
102821555_K27727_F1B03-224_1_21.jpg,2,F1B03,27727
102822491_K27689_F1B03-222_1_21.jpg,2,F1B03,27689
102823443_K27654_F1B03-220_1_21.jpg,2,F1B03,27654
102824313_K27619_F1B03-218_1_21.jpg,2,F1B03,27619
102825249_K27584_F1B03-216_1_21.jpg,2,F1B03,27584
102826194_K27549_F1B03-214_1_21.jpg,2,F1B03,27549
102827057_K27514_F1B03-212_1_21.jpg,2,F1B03,27514
102828043_K27479_F1B03-210_1_21.jpg,2,F1B03,27479
102828909_K27446_F1B03-208_1_21.jpg,2,F1B03,27446
102829946_K27411_F1B03-206_1_21.jpg,2,F1B03,27411
102830988_K27376_F1B03-204_1_21.jpg,2,F1B03,27376
102832074_K27296_F1B03-200_1_21.jpg,2,F1B03,27296
102833117_K27294_F1B03-198a_1_21.jpg,2,F1B03,27294
102835229_K27212_F1B03-196_1_21.jpg,2,F1B03,27212
102836311_K27172_F1B03-194_1_21.jpg,2,F1B03,27172
102837335_K27132_F1B03-192_1_21.jpg,2,F1B03,27132
102838379_K27092_F1B03-190_1_21.jpg,2,F1B03,27092
102839447_K27052_F1B03-188_1_21.jpg,2,F1B03,27052
102840363_K27012_F1B03-186_1_21.jpg,2,F1B03,27012
102841280_K26974_F1B03-184_1_21.jpg,2,F1B03,26974
102842219_K26937_F1B03-182_1_21.jpg,2,F1B03,26937
102843123_K26902_F1B03-180_1_21.jpg,2,F1B03,26902
102844051_K26867_F1B03-178_1_21.jpg,2,F1B03,26867
102845934_K26797_F1B03-174_1_21.jpg,2,F1B03,26797
102846895_K26762_F1B03-172_1_21.jpg,2,F1B03,26762
102847884_K26727_F1B03-170_1_21.jpg,2,F1B03,26727
102848903_K26692_F1B03-168_1_21.jpg,2,F1B03,26692
102849936_K26657_F1B03-166_1_21.jpg,2,F1B03,26657
102851013_K26622_F1B03-164_1_21.jpg,2,F1B03,26622
102852116_K26587_F1B03-162_1_21.jpg,2,F1B03,26587
102853255_K26552_F1B03-160_1_21.jpg,2,F1B03,26552
102854450_K26517_F1B03-158_1_21.jpg,2,F1B03,26517
102855686_K26482_F1B03-156_1_21.jpg,2,F1B03,26482
102856918_K26447_F1B03-154_1_21.jpg,2,F1B03,26447
102858416_K26412_F1B03-152_1_21.jpg,2,F1B03,26412
102859874_K26378_F1B03-150_1_21.jpg,2,F1B03,26378
102901451_K26341_F1B03-148_1_21.jpg,2,F1B03,26341
102903294_K26305_F1B03-146_1_21.jpg,2,F1B03,26305
100723252_K58825_F1B05-246_1_21.jpg,3,F1B05,58825
100725103_K58794_F1B05-244_1_21.jpg,3,F1B05,58794
100726856_K58759_F1B05-242_1_21.jpg,3,F1B05,58759
100730000_K58690_F1B05-238_1_21.jpg,3,F1B05,58690
100731529_K58655_F1B05-236_1_22.jpg,3,F1B05,58655
100735953_K58553_F1B05-228_1_21.jpg,3,F1B05,58553
100737555_K58513_F1B05-226_1_21.jpg,3,F1B05,58513
100739171_K58473_F1B05-224_1_21.jpg,3,F1B05,58473
100740703_K58433_F1B05-222_1_21.jpg,3,F1B05,58433
100742308_K58393_F1B05-220_1_21.jpg,3,F1B05,58393
100743823_K58351_F1B05-218_1_21.jpg,3,F1B05,58351
100745117_K58311_F1B05-216_1_21.jpg,3,F1B05,58311
100819469_K57340_F1B05-166_1_21.jpg,3,F1B05,57340
100820846_K57300_F1B05-164_1_21.jpg,3,F1B05,57300
100822222_K57260_F1B05-162_1_21.jpg,3,F1B05,57260
100823633_K57220_F1B05-160_1_21.jpg,3,F1B05,57220
100825030_K57180_F1B05-158_1_21.jpg,3,F1B05,57180
100826410_K57140_F1B05-156_1_21.jpg,3,F1B05,57140
100827836_K57100_F1B05-154_1_21.jpg,3,F1B05,57100
100831858_K56981_F1B05-148_1_21.jpg,3,F1B05,56981
100837754_K56813_F1B05-138_1_21.jpg,3,F1B05,56813
100838984_K56778_F1B05-136_1_21.jpg,3,F1B05,56778
100840244_K56743_F1B05-134_1_21.jpg,3,F1B05,56743
100841493_K56708_F1B05-132_1_21.jpg,3,F1B05,56708
100842742_K56673_F1B05-130_1_21.jpg,3,F1B05,56673
100843976_K56638_F1B05-128_1_21.jpg,3,F1B05,56638
100845239_K56603_F1B05-126_1_21.jpg,3,F1B05,56603
100846465_K56568_F1B05-124_1_21.jpg,3,F1B05,56568
100847689_K56533_F1B05-122_1_21.jpg,3,F1B05,56533
100848950_K56498_F1B05-120_1_21.jpg,3,F1B05,56498
100850176_K56463_F1B05-118_1_21.jpg,3,F1B05,56463
100851404_K56428_F1B05-116_1_21.jpg,3,F1B05,56428
100852671_K56393_F1B05-114_1_21.jpg,3,F1B05,56393
100853908_K56358_F1B05-112_1_21.jpg,3,F1B05,56358
100855169_K56323_F1B05-110_1_21.jpg,3,F1B05,56323
100934634_K55165_F1B05-048_1_21.jpg,3,F1B05,55165
100935922_K55125_F1B05-046_1_21.jpg,3,F1B05,55125
100937208_K55085_F1B05-044_1_21.jpg,3,F1B05,55085
100938520_K55045_F1B05-042_1_21.jpg,3,F1B05,55045
100939824_K55005_F1B05-040_1_21.jpg,3,F1B05,55005
100941129_K54965_F1B05-038_1_21.jpg,3,F1B05,54965
100942460_K54925_F1B05-036_1_21.jpg,3,F1B05,54925
100943761_K54885_F1B05-034_1_21.jpg,3,F1B05,54885
100945061_K54845_F1B05-032_1_21.jpg,3,F1B05,54845
100946383_K54805_F1B05-030_1_21.jpg,3,F1B05,54805
100949065_K54725_F1B05-026_1_21.jpg,3,F1B05,54725
100951729_K54646_F1B05-022_1_21.jpg,3,F1B05,54646
100953075_K54605_F1B05-020_1_21.jpg,3,F1B05,54605
100954430_K54565_F1B05-018_1_21.jpg,3,F1B05,54565
100955788_K54525_F1B05-016_1_21.jpg,3,F1B05,54525
100957152_K54485_F1B05-014_1_21.jpg,3,F1B05,54485
100958564_K54445_F1B05-012_1_21.jpg,3,F1B05,54445
100959981_K54405_F1B05-010_1_21.jpg,3,F1B05,54405
103439580_K17836_F1B02-1032_1_21.jpg,3,F1B02,17836
103443082_K17756_F1B02-1028_1_21.jpg,3,F1B02,17756
103523538_K16880_F1B02-984_1_21.jpg,3,F1B02,16880
103648072_K16476_F1B02-960_1_21.jpg,3,F1B02,16476
103650474_K16446_F1B02-958_1_21.jpg,3,F1B02,16446
